#The following lines beginning with # are comments. Readable columns names and datatypes are provided as informational comment lines in addition to the database column names.,,,,,,,,,,,,,,,,,,,,,,,,,,,,,,,,,,,,,,,,,,,,,,,,,,,,,,,,,,,,,,,,,,,,,,,,,,,,,,,,,,,,,,,,,,,,,,,,,,,,,,,,,,,,,,,
#If you want to re-upload this table import it as a Generic Table with these header lines unmodified.,,,,,,,,,,,,,,,,,,,,,,,,,,,,,,,,,,,,,,,,,,,,,,,,,,,,,,,,,,,,,,,,,,,,,,,,,,,,,,,,,,,,,,,,,,,,,,,,,,,,,,,,,,,,,,,
#TIC ID, RA, Dec, pmRA, pmDEC, TESS Mag., Object Type, Source of Type, Version, HIP, TYC ID, UCAC ID, 2MASS ID, SDSS ID, ALLWISE ID, GAIA ID, APASS ID, KIC ID, pmRA Err., pmDec Err., Parallax, Parallax Err., B Mag., B Mag. Err., V Mag., V Mag. Err., u Mag., u Mag. Err., g Mag., g Mag. Err., r Mag., r Mag. Err., i Mag., i Mag. Err., z Mag., z Mag. Err., J Mag., J Mag. Err., H Mag., H Mag. Err., K Mag., K Mag. Err., W1 Mag., W1 Mag. Err., W2 Mag., W2 Mag. Err., W3 Mag., W3 Mag. Err., W4 Mag., W4 Mag. Err., GAIA G Mag., GAIA G Mag. Err., TESS Mag. Err., T_eff, T_eff Err., log(g), log(g) Err., Metallicity, Metallicity Err., Stellar Radius, Stellar Radius Err., Stellar Mass, Stellar Mass Err., Luminosity Class from RPM, Stellar Luminosity, Stellar Luminosity Err., Distance, Distance Err., E(B-V), E(B-V) Err., Num. Sources in Aper., Contam. Ratio, Disposition, duplicate_id, priority, eneg_EBV, epos_EBV, EBVflag, eneg_Mass, epos_Mass, eneg_Rad, epos_Rad, eneg_rho, epos_rho, eneg_logg, epos_logg, eneg_lum, epos_lum, eneg_dist, epos_dist, distflag, eneg_Teff, epos_Teff, TeffFlag, gaiabp, e_gaiabp, gaiarp, e_gaiarp, gaiaqflag, starchareFlag, VmagFlag, BmagFlag, splists, e_RA, e_Dec, RA_orig, Dec_orig, e_RA_orig, e_Dec_orig, raddflag, wdflag, MAST Object ID
#@string, ra, dec, float, float, float, string, string, string, string, string, string, string, string, string, string, string, string, float, float, float, float, float, float, float, float, float, float, float, float, float, float, float, float, float, float, float, float, float, float, float, float, float, float, float, float, float, float, float, float, float, float, float, float, float, float, float, float, float, float, float, float, float, string, float, float, float, float, float, float, int, float, string, string, float, float, float, string, float, float, float, float, float, float, float, float, float, float, float, float, string, float, float, string, float, float, float, float, int, string, string, string, string, float, float, float, float, float, float, int, int, string
ID,ra,dec,pmRA,pmDEC,Tmag,objType,typeSrc,version,HIP,TYC,UCAC,TWOMASS,SDSS,ALLWISE,GAIA,APASS,KIC,e_pmRA,e_pmDEC,plx,e_plx,Bmag,e_Bmag,Vmag,e_Vmag,umag,e_umag,gmag,e_gmag,rmag,e_rmag,imag,e_imag,zmag,e_zmag,Jmag,e_Jmag,Hmag,e_Hmag,Kmag,e_Kmag,w1mag,e_w1mag,w2mag,e_w2mag,w3mag,e_w3mag,w4mag,e_w4mag,GAIAmag,e_GAIAmag,e_Tmag,Teff,e_Teff,logg,e_logg,MH,e_MH,rad,e_rad,mass,e_mass,lumclass,lum,e_lum,d,e_d,ebv,e_ebv,numcont,contratio,disposition,duplicate_id,priority,eneg_EBV,epos_EBV,EBVflag,eneg_Mass,epos_Mass,eneg_Rad,epos_Rad,eneg_rho,epos_rho,eneg_logg,epos_logg,eneg_lum,epos_lum,eneg_dist,epos_dist,distflag,eneg_Teff,epos_Teff,TeffFlag,gaiabp,e_gaiabp,gaiarp,e_gaiarp,gaiaqflag,starchareFlag,VmagFlag,BmagFlag,splists,e_RA,e_Dec,RA_orig,Dec_orig,e_RA_orig,e_Dec_orig,raddflag,wdflag,objID
293257184,1.813638944,5.429899865,-61.5873,-55.4879,9.2093,STAR,tmgaia2,20190415,,0007-00987-1,478-000200,00071526+0525475,,J000715.22+052547.0,2.74205E+18,38669036,,0.0882386,0.0605695,12.4307,0.0430556,10.473,0.063,9.801,0.004,NaN,NaN,NaN,NaN,NaN,NaN,NaN,NaN,NaN,NaN,8.589,0.021,8.324,0.036,8.19,0.023,8.136,0.024,8.186,0.02,8.173,0.024,8.286,0.354,9.65745,0.000228,0.006,5621.46,102.539,4.56934,0.0709046,-0.249,0.014,0.859735,0.0358216,1,0.121413,DWARF,0.6649982,0.0154107,80.2602,0.27945,0,0,39,0.000188096,,,0,0,0,,0.0833876,0.159438,0.0432427,0.0284005,0.320041,0.281675,0.0682691,0.0735401,0.0151584,0.015663,0.2785,0.2804,bj2018,98.2059,106.872,spect,10.019,0.000578,9.16305,0.000528,1,,tycho2v3,tycho2b3,planetcandidate,1.36969643,0.93929071,1.813372581,5.429660958,0.035547853,0.029503087,1,0,1142666
293257187,1.744098295,5.442873852,108.895,-66.6802,8.4797,STAR,tmgaia2,20190415,,0007-01102-1,478-000195,00065858+0526340,,J000658.65+052633.6,2.74205E+18,38113999,,0.0882229,0.0642525,13.6049,0.0434996,9.764,0.039,9.071,0.003,NaN,NaN,NaN,NaN,NaN,NaN,NaN,NaN,NaN,NaN,7.881,0.02,7.611,0.038,7.516,0.034,7.42,0.035,7.514,0.02,7.504,0.019,7.358,0.136,8.93122,0.00022,0.006,5629.55,104.633,4.35997,0.0688813,0.301,0.017,1.09408,0.0461106,1,0.119156,DWARF,1.083147,0.02621625,73.3479,0.2358,0,0,39,0.003656607,,,0,0,0,,0.107221,0.131091,0.052104,0.0401171,0.183511,0.0995904,0.0878948,0.0498678,0.019295,0.0331375,0.235,0.2366,bj2018,104.664,104.603,spect,9.30018,0.000863,8.43727,0.001049,1,,tycho2v3,tycho2b3,planetcandidate,1.369484888,0.99636783,1.744569272,5.442586757,0.036485933,0.030077501,1,0,1142669
395320482,1.076480389,12.05124547,8.80685,15.0678,9.3798,STAR,tmgaia2,20190415,,0597-00505-1,511-000123,00041835+1203044,,J000418.36+120304.6,2.76612E+18,40460850,,0.0973125,0.0705876,11.462,0.0566242,10.661,0.072,9.946,0.005,NaN,NaN,NaN,NaN,NaN,NaN,NaN,NaN,NaN,NaN,8.725,0.029,8.367,0.036,8.299,0.018,8.254,0.023,8.286,0.02,8.237,0.026,8.089,0.235,9.84807,0.000428,0.006,5645.32,146.061,4.58343,0.0878578,0.0462868,0.00982396,0.845903,0.0508945,1,0.123879,DWARF,0.6547719,0.01782915,87.028,0.4321,0,0,35,0.000445335,,,0.003547431,0,0,,0.101346,0.146411,0.0444905,0.0572985,0.363056,0.457762,0.0848923,0.0908233,0.0168717,0.0187866,0.43,0.4342,bj2018,163.103,129.02,spect,10.2316,0.000649,9.33463,0.000639,1,,tycho2v3,tycho2b3,planetcandidate,1.517637026,1.094742332,1.076519162,12.05131034,0.052644724,0.037267891,1,0,1315134
365965128,4.06096868,35.17831962,156.983,132.904,8.2943,STAR,tmgaia2,20190415,1297,2268-00701-1,626-000926,00161463+3510418,,J001614.76+351043.3,2.87623E+18,50930412,,0.0693146,0.0612254,14.515,0.0605592,9.626,0.028,8.92,0.03,NaN,NaN,NaN,NaN,NaN,NaN,NaN,NaN,NaN,NaN,7.661,0.02,7.349,0.027,7.302,0.02,7.167,0.028,7.291,0.021,7.28,0.018,7.257,0.108,8.74577,0.000198,0.006,5648,106.466,4.34839,0.0741696,-0.01,0.04,1.10876,0.0489121,1,0.122703,DWARF,1.127071,0.02927915,68.759,0.2885,0,0,84,0.001152346,,,0.004376953,0,0,,0.0831278,0.162279,0.0528342,0.04499,0.116031,0.17932,0.0704725,0.0778667,0.0292865,0.0292718,0.2873,0.2897,bj2018,90.2019,122.73,spect,9.11411,0.001187,8.25135,0.001828,1,,hipvmag,tycho2b3,planetcandidate,1.127908607,0.950018816,4.061795607,35.17889185,0.043460186,0.044121514,1,0,4233282
293361638,5.120585069,0.124181881,-6.04249,-99.9731,9.1143,STAR,tmgaia2,20190415,,0003-00802-1,451-000478,00202894+0007270,,J002028.93+000725.9,2.5453E+18,35468476,,0.174703,0.135679,11.382,0.0747527,10.36,0.051,9.678,0.004,NaN,NaN,NaN,NaN,NaN,NaN,NaN,NaN,NaN,NaN,8.516,0.023,8.173,0.044,8.142,0.034,8.088,0.022,8.137,0.02,8.11,0.022,7.947,0.244,9.55156,0.000199,0.006,5651.59,101.148,4.46105,0.071284,-0.159,0.016,0.973886,0.0409146,1,0.121164,DWARF,0.8717533,0.0225991,87.6413,0.57855,0,0,46,0.00582199,,,0,0,0,,0.0832992,0.159028,0.0355739,0.0462553,0.233298,0.180041,0.0859946,0.0565735,0.0165002,0.028698,0.5748,0.5823,bj2018,105.501,96.796,spect,9.9011,0.000575,9.06707,0.000439,1,,tycho2v3,tycho2b3,planetcandidate,2.708627942,2.10345596,5.120559053,0.123751441,0.062875438,0.042601988,1,0,5035352
15535089,15.26139158,28.99715908,220.195,-88.2987,7.9997,STAR,tmgaia2,20190415,4749,1746-01208-1,595-002680,01010271+2859498,1.23768E+18,J010102.91+285948.9,3.11334E+17,47180869,,0.0905876,0.0671252,13.2033,0.0418631,9.365,0.007,8.62,0.03,12.9836,0.00337309,9.0508,0.000355114,8.45568,0.000309272,8.38658,0.000540711,8.62049,0.00108227,7.348,0.018,7.068,0.016,7.022,0.024,6.973,0.053,7.042,0.021,7.021,0.016,6.96,0.07,8.45252,0.000394,0.006,5645.53,109.863,4.14785,0.0737265,0.288756,0.0148249,1.39673,0.0627915,1,0.124054,DWARF,1.785401,0.04151575,75.5739,0.2409,0,0,51,0.000606612,,,0.003239373,0,0,,0.117143,0.130966,0.0412814,0.0843015,0.0850961,0.0614425,0.096,0.051453,0.0544563,0.0285752,0.2402,0.2416,bj2018,119.767,99.9583,spect,8.82664,0.002265,7.96118,0.002239,1,,hipvmag,apassdr9,planetcandidate,1.451019417,1.040898467,15.26247552,28.99677891,0.045912632,0.030870316,1,0,14372984
369473164,15.27305196,8.769370707,110.47,-88.5232,8.3052,STAR,tmgaia2,20190415,4752,0605-00517-1,494-001378,01010553+0846095,,J010105.61+084608.7,2.58115E+18,38332636,,0.0752764,0.0526606,10.9903,0.0465207,9.645,0,8.94,0.03,NaN,NaN,NaN,NaN,NaN,NaN,NaN,NaN,NaN,NaN,7.698,0.018,7.44,0.036,7.3,0.016,7.194,0.035,7.329,0.02,7.329,0.018,7.207,0.128,8.76431,0.000302,0.006,5643,103.801,4.1128,0.0734047,0.33,0.1,1.45422,0.061613,1,0.125861,DWARF,1.931959,0.0509531,90.753,0.38605,0,0,39,0.00306794,,,0,0,0,,0.115815,0.135907,0.0570402,0.0661859,0.0655893,0.065582,0.0600666,0.0867428,0.0366456,0.0652606,0.3845,0.3876,bj2018,109.884,97.7184,spect,9.14294,0.001064,8.26455,0.001186,1,,hipvmag,apassdr9,planetcandidate,1.17084361,0.816785703,15.27353322,8.768989566,0.038548941,0.029871224,1,0,14653407
381475329,16.48338275,35.1169718,97.6467,-15.8027,8.8223,STAR,tmgaia2,20190415,,2286-00430-1,626-003425,01055600+3507010,,J010556.09+350700.9,3.15213E+17,49773148,,0.077185,0.0896281,11.6934,0.0422743,10.148,0.055,9.429,0.004,NaN,NaN,NaN,NaN,NaN,NaN,NaN,NaN,NaN,NaN,8.186,0.023,7.876,0.049,7.788,0.018,7.742,0.026,7.791,0.02,7.775,0.018,7.9,0.162,9.27873,0.000335,0.006,5647.65,113.458,4.37413,0.0722539,0.252,0.023,1.07638,0.0501709,1,0.125194,DWARF,1.061937,0.0265767,85.3091,0.31,0,0,70,0.001099106,,,0.003583259,0,0,,0.0993984,0.15099,0.0392045,0.0611372,0.134415,0.190451,0.0587845,0.0857232,0.0227999,0.0303535,0.3089,0.3111,bj2018,152.957,73.9584,spect,9.65427,0.001618,8.78146,0.002769,1,,tycho2v3,tycho2b3,planetcandidate,1.255369912,1.38969586,16.48389673,35.11690376,0.036797534,0.035765501,1,0,15585702
381270241,17.05201885,21.97700867,400.593,-46.5879,6.99,STAR,tmgaia2,20190415,5335,1202-00802-1,560-002409,01081246+2158373,,,2.79091E+18,44896645,,0.113541,0.145191,30.7306,0.0712683,8.349,0.173,7.61,0.03,NaN,NaN,NaN,NaN,NaN,NaN,NaN,NaN,NaN,NaN,6.344,0.027,6.015,0.038,5.97,0.031,NaN,NaN,NaN,NaN,NaN,NaN,NaN,NaN,7.43923,0.000287,0.0061,5624,103.837,4.46779,0.0713796,-0.18,0.1,0.966365,0.0411558,1,0.118226,DWARF,0.8417013,0.01962365,32.5106,0.0759,0,0,43,0.000309118,,,0.007015837,0,0,,0.0945669,0.141885,0.0496472,0.0326643,0.205922,0.219644,0.0647176,0.0780417,0.0217307,0.0175166,0.0758,0.076,bj2018,92.9272,114.746,spect,7.81283,0.002773,6.95473,0.00441,1,,hipvmag,apassdr9,planetcandidate,1.793412708,2.251160664,17.05387877,21.9768081,0.048591634,0.056141531,1,0,16458781
399018913,20.28011748,55.34905617,27.3912,-161.818,8.3774,STAR,tmgaia2,20190415,,3674-01571-1,727-011240,01210722+5520565,,J012107.26+552054.9,4.10881E+17,57949475,,0.0823833,0.0819357,11.2555,0.0468147,9.615,0.032,8.966,0.002,NaN,NaN,NaN,NaN,NaN,NaN,NaN,NaN,NaN,NaN,7.767,0.027,7.488,0.036,7.441,0.024,7.309,0.035,7.402,0.02,7.393,0.017,7.318,0.101,8.80924,0.000222,0.006,5658.13,107.499,4.15648,0.0721344,-0.129,0.012,1.38291,0.0598341,1,0.124316,DWARF,1.765922,0.0446476,88.6204,0.37045,0,0,397,0.05384089,,,0.000329023,0,0,,0.122043,0.12659,0.0532281,0.0664402,0.0654123,0.0829823,0.0558409,0.0884278,0.0411803,0.0481149,0.369,0.3719,bj2018,107.773,107.225,spect,9.15933,0.00133,8.33626,0.00173,1,,tycho2v3,tycho2b3,planetcandidate,1.442267359,1.270497519,20.2803249,55.34835945,0.033034425,0.035432152,1,0,19081630
44634692,22.46402425,31.00733516,227.777,1.00391,7.2992,STAR,tmgaia2,20190415,6978,2292-00876-1,606-004001,01295133+3100263,,J012951.54+310026.4,3.15378E+17,49683296,,0.103019,0.0810868,23.0594,0.04775,8.974,0.119,7.93,0.03,NaN,NaN,NaN,NaN,NaN,NaN,NaN,NaN,NaN,NaN,6.682,0.02,6.421,0.023,6.344,0.023,6.292,0.08,6.274,0.025,6.356,0.015,6.327,0.049,7.75003,0.000346,0.006,5655.47,105.429,4.35383,0.0738684,0.315882,0.0257248,1.10184,0.0455879,1,0.128091,DWARF,1.118939,0.02589215,43.3121,0.09025,0,0,56,0.005224613,,,0.005544789,0,0,,0.123796,0.132386,0.0341678,0.057008,0.160387,0.132816,0.0933785,0.0543583,0.0290601,0.0227242,0.0901,0.0904,bj2018,113.907,96.9514,spect,8.12668,0.003484,7.26518,0.002651,1,,hipvmag,apassdr9,planetcandidate,1.657857724,1.257415693,22.46516846,31.00733948,0.050430257,0.03786643,1,0,20625763
279209741,25.40720838,66.90994226,692.707,-265.728,7.0684,STAR,tmgaia2,20190415,7902,4043-00713-1,785-005552,01413768+6654359,,,5.19478E+17,,,0.0424251,0.0442585,26.6409,0.0296007,8.386,0.0573498,7.697,0.017,NaN,NaN,NaN,NaN,NaN,NaN,NaN,NaN,NaN,NaN,6.45,0.024,6.112,0.026,6.063,0.018,NaN,NaN,NaN,NaN,NaN,NaN,NaN,NaN,7.51944,0.0002,0.006,5650,142.951,4.38517,0.0886104,-0.03,0.1,1.06279,0.0611533,1,0.133789,DWARF,1.037008,0.0246474,37.4955,0.04195,0,0,455,0.004598725,,,0.000758433,0,0,,0.139651,0.127928,0.0581186,0.0641879,0.146752,0.268119,0.0959802,0.0812406,0.0261146,0.0231802,0.0419,0.042,bj2018,113.15,172.751,spect,7.89139,0.001023,7.0295,0.001488,1,,mermil,mermil,planetcandidate,0.788497646,0.686367784,25.41481332,66.90879833,0.022759091,0.022259254,1,0,23469947
60959951,29.19693036,23.05113671,-83.5309,-16.9569,7.2041,STAR,tmgaia2,20190415,9073,1757-00372-1,566-003818,01564728+2303041,,J015647.19+230303.8,9.86926E+16,,,0.081502,0.0694991,29.3908,0.0412259,8.548,0.026,7.85,0.03,NaN,NaN,NaN,NaN,NaN,NaN,NaN,NaN,NaN,NaN,6.567,0.02,6.281,0.021,6.188,0.018,6.175,0.102,6.092,0.029,6.207,0.015,6.167,0.043,7.6619,0.000342,0.006,5626,109.584,4.5192,0.0716467,0.01,0.1,0.910824,0.0414573,1,0.122544,DWARF,0.7487947,0.01768645,33.9908,0.048,0,0,32,0.04010863,,,0.007248247,0,0,,0.0945681,0.15052,0.0477608,0.0351538,0.216585,0.288727,0.0790437,0.0642496,0.0137876,0.0215853,0.0479,0.0481,bj2018,93.0775,126.091,spect,8.0419,0.002293,7.16634,0.001712,1,,hipvmag,tycho2b3,planetcandidate,1.289931627,1.077706142,29.19653951,23.0510637,0.041048957,0.031827988,1,0,27086226
118268680,31.14286814,25.4143095,-108.181,-173.335,6.7944,STAR,tmgaia2,20190415,9683,1761-00192-1,578-004514,02043429+2524516,,J020434.19+252449.6,1.05333E+17,,,0.089332,0.0889099,26.3927,0.0437412,8.156,0.023,7.43,0.03,NaN,NaN,NaN,NaN,NaN,NaN,NaN,NaN,NaN,NaN,6.182,0.019,5.896,0.021,5.861,0.024,5.794,0.139,5.732,0.049,5.846,0.015,5.783,0.044,7.24746,0.00037,0.006,5655,104.373,4.2698,0.0707132,0.3,0.1,1.21377,0.0514899,1,0.126219,DWARF,1.357367,0.0318669,37.8478,0.06315,0,0,41,0.000920135,,,0.005125749,0,0,,0.117835,0.134603,0.0313769,0.071603,0.094674,0.120825,0.0875185,0.0539079,0.0323907,0.0313431,0.063,0.0633,bj2018,104.017,104.729,spect,7.62857,0.00312,6.7626,0.004416,1,,hipvmag,tycho2b3,planetcandidate,1.419999027,1.37853303,31.14235245,25.4135632,0.0409146,0.034412147,1,0,28853233
405402498,31.73594046,29.863043,49.4805,-28.9387,9.4144,STAR,tmgaia2,20190415,,1764-01531-1,600-005602,02065663+2951469,,J020656.66+295146.6,3.00364E+17,47908073,,0.110076,0.197001,10.1284,0.0641033,10.745,0.067,10.022,0.005,NaN,NaN,NaN,NaN,NaN,NaN,NaN,NaN,NaN,NaN,8.807,0.03,8.452,0.033,8.413,0.024,8.36,0.023,8.417,0.02,8.387,0.022,8.326,0.319,9.8728,0.000472,0.006,5647.27,114.976,4.48714,0.0740402,0.214,0.017,0.945066,0.0445854,1,0.121004,DWARF,0.8184143,0.02220595,98.457,0.62615,0,0,53,0.002010897,,,0.003033318,0,0,,0.108038,0.13397,0.0370854,0.0520854,0.246921,0.238776,0.065515,0.0825653,0.0210185,0.0233934,0.6222,0.6301,bj2018,106.799,123.152,spect,10.2535,0.004042,9.37667,0.003823,1,,tycho2v3,tycho2b3,planetcandidate,1.766326893,3.054376472,31.73618612,29.8629184,0.043103635,0.072517074,1,0,29139150
250661921,32.70864337,50.14705893,11.4446,-97.8183,9.4998,STAR,tmgaia2,20190415,,3289-01483-1,701-015689,02105006+5008495,,J021050.08+500848.4,3.58295E+17,56548850,,0.0676507,0.0743016,10.3026,0.0362592,10.629,0.066,10.054,0.005,NaN,NaN,NaN,NaN,NaN,NaN,NaN,NaN,NaN,NaN,8.874,0.023,8.537,0.021,8.492,0.02,8.457,0.023,8.491,0.019,8.463,0.023,8.612,0.42,9.93173,0.000317,0.006,5638.59,108.169,4.52245,0.0726907,-0.482,0.025,0.907417,0.0405678,1,0.1275,DWARF,0.7498778,0.01838135,96.7924,0.3423,0,0,294,0.03428298,,,0.003466648,0,0,,0.115876,0.139124,0.0364025,0.0447332,0.255067,0.273287,0.0769483,0.0684331,0.0151182,0.0216445,0.3411,0.3435,bj2018,103.6,112.737,spect,10.2743,0.000831,9.45112,0.001139,1,,tycho2v3,tycho2b3,planetcandidate,1.158043472,1.152079094,32.70872027,50.14663777,0.029080791,0.030518757,1,0,29849856
293067981,35.6804817,45.44002988,50.6453,-56.1065,9.5869,STAR,tmgaia2,20190415,,3294-00436-1,678-013150,02224330+4526242,,J022243.36+452623.5,3.53557E+17,53410652,,0.0842752,0.0765899,10.4805,0.0512568,11.01,0.086,10.244,0.006,NaN,NaN,NaN,NaN,NaN,NaN,NaN,NaN,NaN,NaN,8.941,0.021,8.647,0.026,8.546,0.018,8.503,0.023,8.54,0.021,8.506,0.026,8.893,0.489,10.0432,0.000822,0.0061,5644.24,145.762,4.58359,0.0852074,-0.091,0.022,0.845744,0.049402,1,0.125601,DWARF,0.6540247,0.0169338,95.1562,0.46765,0,0,183,0.07590019,,,0.003506839,0,0,,0.144108,0.107094,0.0494065,0.0493975,0.373676,0.416767,0.094959,0.0754557,0.0147131,0.0191545,0.4654,0.4699,bj2018,155.635,135.888,spect,10.4153,0.001797,9.54267,0.001265,1,,tycho2v3,tycho2b3,planetcandidate,1.417126103,1.187696297,35.68079248,45.43978832,0.052496063,0.036234282,1,0,32500473
381808486,41.71141203,39.32389594,44.5504,-52.8765,8.4995,STAR,tmgaia2,20190415,,2845-01687-1,647-010662,02465073+3919261,,J024650.77+391925.4,3.35607E+17,50228077,,0.105358,0.0962456,13.0684,0.08066,9.776,0.041,9.047,0.003,NaN,NaN,NaN,NaN,NaN,NaN,NaN,NaN,NaN,NaN,7.907,0.041,7.637,0.075,7.539,0.021,7.5,0.028,7.555,0.02,7.565,0.019,7.514,0.125,8.94303,0.000329,0.006,5635.48,137.689,4.3316,0.0798217,0.23,0.013,1.1304,0.0624045,1,0.125915,DWARF,1.161131,0.03196275,76.3566,0.4738,0,0,124,0.001475359,,,0.003745737,0,0,,0.0965638,0.155267,0.0514075,0.0734015,0.176248,0.139869,0.0884223,0.071221,0.0342699,0.0296556,0.4709,0.4767,bj2018,119.825,155.553,spect,9.30253,0.00204,8.45599,0.001156,1,,tycho2v3,tycho2b3,planetcandidate,1.735525445,1.492390952,41.71165999,39.32366827,0.068844672,0.041751957,1,0,38109794
34691643,45.60844285,26.60923894,233.122,-168.438,5.991,STAR,tmgaia2,20190415,14150,1790-00948-1,584-007142,03022598+2636334,,,1.15311E+17,46645731,,0.119705,0.12425,47.1551,0.0603404,7.332,0.022,6.616,0.022,NaN,NaN,NaN,NaN,NaN,NaN,NaN,NaN,NaN,NaN,5.34,0.021,5.024,0.015,4.951,0.016,NaN,NaN,NaN,NaN,NaN,NaN,NaN,NaN,6.44262,0.000347383,0.0061,5648,102.63,4.44938,0.0720976,0.08,0.1,0.987061,0.0413668,1,0.127775,DWARF,0.8932262,0.02093465,21.1936,0.0273,0,0,64,0.002454225,,,0.007614943,0,0,,0.142498,0.113051,0.0383724,0.0443613,0.195886,0.210482,0.0748226,0.0693726,0.0256504,0.0162189,0.0272,0.0274,bj2018,104.488,100.771,spect,6.8157,0.001285,5.95259,0.003425,1,,mermil,mermil,planetcandidate,1.907172561,1.926346177,45.60956547,26.60851373,0.046841645,0.042603732,1,0,41312970
426471754,48.93682912,18.48469831,1.56843,-37.61,8.9496,STAR,tmgaia2,20190415,,1236-00741-1,543-006319,03154483+1829046,,J031544.84+182904.5,5.9132E+16,42878886,,0.0950752,0.0750449,13.4543,0.0451574,10.266,0.068,9.59,0.005,NaN,NaN,NaN,NaN,NaN,NaN,NaN,NaN,NaN,NaN,8.305,0.02,8.003,0.031,7.914,0.02,7.885,0.037,7.921,0.03,7.907,0.026,8.082,0.248,9.41062,0.000296,0.006,5647.07,105.14,4.54787,0.0719263,0.081,0.017,0.881245,0.0381658,1,0.126188,DWARF,0.7115091,0.0180814,74.1676,0.25025,0,0,39,0.000613049,,,0,0,0,,0.132791,0.119585,0.0431176,0.0332141,0.318982,0.258674,0.074197,0.0696556,0.0160756,0.0200872,0.2494,0.2511,bj2018,87.2157,123.065,spect,9.79068,0.002857,8.90848,0.002984,1,,tycho2v3,tycho2b3,planetcandidate,1.493596976,1.16360708,48.93683624,18.48453638,0.040481309,0.030929233,1,0,44229495
333657795,49.17762381,15.65722506,111.854,-202.255,8.1359,STAR,tmgaia2,20190415,15249,1232-00690-1,529-005751,03164262+1539260,,J031642.70+153923.9,3.03986E+16,42879596,,0.0900711,0.0781782,15.6752,0.0697719,9.43,0.0845222,8.76,0.012,NaN,NaN,NaN,NaN,NaN,NaN,NaN,NaN,NaN,NaN,7.492,0.021,7.208,0.049,7.116,0.024,7.054,0.041,7.105,0.02,7.12,0.017,7.111,0.108,8.59089,0.000272,0.006,5640,111.033,4.35023,0.0741608,-0.05,0.04,1.10641,0.0502312,1,0.123961,DWARF,1.11595,0.028105,63.6796,0.28505,0,0,36,0.01417908,,,0,0,0,,0.12195,0.125972,0.0516889,0.0487734,0.103547,0.197217,0.101935,0.0463866,0.0312653,0.0249447,0.2838,0.2863,bj2018,122.638,99.4286,spect,8.96473,0.003052,8.0949,0.00272,1,,mermil,mermil,planetcandidate,1.410573192,1.212297629,49.17812396,15.65635424,0.061434207,0.036029892,1,0,44994373
445926336,49.51889831,6.484337307,71.3973,-107.916,8.1875,STAR,tmgaia2,20190415,15362,0062-00330-1,483-004818,03180453+0629035,,J031804.58+062902.4,1.01761E+16,38123751,,0.142175,0.128066,11.5177,0.0805246,9.392,0.061,8.8,0.03,NaN,NaN,NaN,NaN,NaN,NaN,NaN,NaN,NaN,NaN,7.526,0.02,7.207,0.067,7.127,0.015,7.086,0.038,7.125,0.021,7.133,0.018,7.196,0.104,8.63361,0.00044,0.006,5642.88,104.6,4.10105,0.0702729,-0.064,0.033,1.47403,0.063897,1,0.124366,DWARF,1.984784,0.05543725,86.6121,0.60865,0,0,47,0.0479794,,,0.002672018,0,0,,0.115578,0.133153,0.057398,0.070396,0.0666992,0.0544979,0.0921263,0.0484195,0.0527722,0.0581023,0.6045,0.6128,bj2018,96.9551,112.245,spect,8.99969,0.002187,8.14784,0.003092,1,,hipvmag,apassdr9,planetcandidate,2.208361341,1.985959335,49.51920769,6.483872668,0.070212539,0.060976809,1,0,45102314
435286567,52.91823663,17.25171106,96.5509,-40.8014,9.1697,STAR,tmgaia2,20190415,,1238-00066-1,537-006431,03314036+1715062,,J033140.45+171505.7,5.48633E+16,42892043,,0.0935042,0.0644315,11.4349,0.0508564,10.525,0.069,9.836,0.005,NaN,NaN,NaN,NaN,NaN,NaN,NaN,NaN,NaN,NaN,8.517,0.027,8.186,0.023,8.176,0.018,8.084,0.022,8.139,0.02,8.114,0.023,8.56,0.405,9.62316,0.000255,0.006,5626.73,144.042,4.48528,0.084924,0.114515,0.0137647,0.94709,0.054995,1,0.121641,DWARF,0.8100309,0.0213291,87.2334,0.38995,0,0,45,0.005803466,,,0,0,0,,0.0923283,0.150954,0.056696,0.053294,0.293116,0.272187,0.0807943,0.0890538,0.0250963,0.0175619,0.3882,0.3917,bj2018,108.891,179.194,spect,9.99213,0.000869,9.12532,0.001046,1,,tycho2v3,tycho2b3,planetcandidate,1.466599328,0.999089109,52.91867191,17.25153539,0.045421012,0.028298881,1,0,47683885
65084033,53.02123821,43.66987202,298.597,-119.709,7.986,STAR,tmgaia2,20190415,16467,2874-00788-1,669-018740,03320507+4340116,,,2.38522E+17,,,0.0836897,0.0673545,18.2201,0.0421701,9.308,0.03,8.56,0.03,NaN,NaN,NaN,NaN,NaN,NaN,NaN,NaN,NaN,NaN,7.341,0.019,7.062,0.026,6.949,0.024,NaN,NaN,NaN,NaN,NaN,NaN,NaN,NaN,8.43952,0.000252,0.006,5623,110.215,4.41412,0.0756517,-0.00205882,0.0257248,1.02796,0.047304,1,0.130192,DWARF,0.9517363,0.0235567,54.7977,0.1276,0,0,260,0.07749302,,,0.005132572,0,0,,0.162313,0.0980711,0.0339332,0.0606749,0.170897,0.217972,0.0679389,0.0833644,0.0263484,0.020765,0.1273,0.1279,bj2018,126.138,94.2926,spect,8.8083,0.000715,7.9413,0.000802,1,,hipvmag,tycho2b3,planetcandidate,1.3978294,1.044253118,53.02301558,43.66935662,0.032923895,0.023227924,1,0,48220378
113978652,54.67336456,20.04876817,0.261841,3.19976,9.5407,STAR,tmgaia2,20190415,,1243-00226-1,551-007238,03384161+2002555,,J033841.60+200255.6,5.7361E+16,,,0.158603,0.163054,10.6352,0.111202,10.889,0.091,10.253,0.006,NaN,NaN,NaN,NaN,NaN,NaN,NaN,NaN,NaN,NaN,8.927,0.021,8.589,0.026,8.509,0.016,8.472,0.022,8.519,0.02,8.496,0.025,8.219,0.288,10.0021,0.000944,0.0061,5656.79,100.815,4.58397,0.0709423,0.012,0.016,0.845376,0.0365653,1,0.127385,DWARF,0.6592876,0.02019025,93.7902,0.9857,0,0,51,0.002685801,,,0,0,0,,0.133674,0.121097,0.0336869,0.0394437,0.322195,0.322164,0.0686265,0.073258,0.0237394,0.0166411,0.9755,0.9959,bj2018,105.475,96.1551,spect,10.3778,0.002485,9.4948,0.002759,1,,tycho2v3,tycho2b3,planetcandidate,2.497580449,2.528402891,54.67336576,20.04878195,0.074865111,0.073408905,1,0,49198630
440702883,58.02332277,22.67163194,206.848,-339.445,6.9315,STAR,tmgaia2,20190415,18097,1800-00344-1,564-008275,03520556+2240185,,,6.40854E+16,46099614,,0.0876248,0.0596847,33.4459,0.0432399,8.258,0.0634429,7.575,0.005,NaN,NaN,NaN,NaN,NaN,NaN,NaN,NaN,NaN,NaN,6.32,0.026,5.971,0.018,5.918,0.021,NaN,NaN,NaN,NaN,NaN,NaN,NaN,NaN,7.38608,0.000178,0.006,5633.02,109.106,4.5232,0.0719754,-0.08,0.1,0.906642,0.0408041,1,0.12551,DWARF,0.7456439,0.01745805,29.8732,0.03885,0,0,88,0.00129348,,,0,0,0,,0.0946088,0.156411,0.0372769,0.0443312,0.193184,0.333693,0.0537172,0.0902335,0.0193356,0.0155805,0.0388,0.0389,bj2018,118.878,99.3342,spect,7.75996,0.000729,6.89082,0.00098,1,,mermil,mermil,planetcandidate,1.385798287,0.925319641,58.02428795,22.67017044,0.040597052,0.01956149,1,0,53242885
242963326,59.04375966,17.03340822,2.50074,-25.9786,9.4509,STAR,tmgaia2,20190415,,1253-00364-1,536-007613,03561050+1702003,,J035610.49+170200.0,4.95409E+16,42913860,,0.0896716,0.0569224,10.2381,0.0468248,10.794,0.078,10.088,0.005,NaN,NaN,NaN,NaN,NaN,NaN,NaN,NaN,NaN,NaN,8.829,0.029,8.519,0.018,8.462,0.017,8.419,0.022,8.46,0.02,8.45,0.024,8.47,0.343,9.89219,0.000211,0.006,5654.79,99.3969,4.50657,0.0724614,-0.118,0.012,0.924166,0.0385528,1,0.128564,DWARF,0.7867933,0.0201453,97.4021,0.4476,0,0,71,0.008260613,,,0,0,0,,0.0997606,0.157367,0.037195,0.0399106,0.197282,0.303541,0.0890385,0.0558842,0.0184814,0.0218092,0.4456,0.4496,bj2018,104.106,94.6877,spect,10.2474,0.000648,9.40534,0.000895,1,,tycho2v3,tycho2b3,planetcandidate,1.406011355,0.882574947,59.04377092,17.03329637,0.041206123,0.022140191,1,0,54089821
450249698,61.95311228,59.57324787,53.5634,-74.4866,8.9803,STAR,tmgaia2,20190415,,3730-00733-1,748-032142,04074874+5934236,,J040748.82+593422.8,4.70563E+17,57768863,,0.0550274,0.0457635,12.5246,0.0337228,10.352,0.049,9.639,0.003,NaN,NaN,NaN,NaN,NaN,NaN,NaN,NaN,NaN,NaN,8.362,0.037,8.086,0.053,7.936,0.027,7.899,0.026,7.961,0.02,7.933,0.019,7.911,0.187,9.44622,0.000306,0.006,5631.7,145.979,4.49494,0.0902147,0.289,0.021,0.936626,0.0548618,1,0.12994,DWARF,0.7950327,0.020236,79.6593,0.2156,0,0,506,0.01931981,,,0.000443067,0,0,,0.137594,0.122287,0.0538266,0.055897,0.25783,0.352842,0.0917899,0.0886395,0.0227513,0.0177207,0.215,0.2162,bj2018,152.916,139.042,spect,9.82691,0.00088,8.93465,0.000864,1,,tycho2v3,tycho2b3,planetcandidate,0.98334913,0.70966911,61.95356766,59.57292716,0.033894319,0.021798333,1,0,56412157
283792891,63.85744647,6.199652576,-101.763,-111.982,6.3087,STAR,tmgaia2,20190415,19855,0080-00204-1,481-006477,04152578+0611588,,J041525.72+061157.4,3.28522E+18,38908173,,0.0797046,0.0545113,45.2404,0.0448983,7.631,0.025,6.95338,0.023,NaN,NaN,NaN,NaN,NaN,NaN,NaN,NaN,NaN,NaN,5.695,0.023,5.456,0.04,5.271,0.018,5.319,0.093,5.095,0.028,5.306,0.015,5.255,0.039,6.76274,0.000503,0.006,5654.76,133.928,4.54352,0.0805814,-0.0343094,0.0365355,0.88567,0.0472161,1,0.127775,DWARF,0.7225958,0.017122,22.09,0.02205,0,0,43,0.8844979,,,0.008164021,0,0,,0.106158,0.149391,0.0374553,0.0569769,0.226504,0.417131,0.0870065,0.0741563,0.0187558,0.0154882,0.022,0.0221,bj2018,135.739,132.117,spect,7.14108,0.001823,6.27317,0.002491,1,,sirful,tycho2b3,planetcandidate,1.237796266,0.845363663,63.85700574,6.199170431,0.037394145,0.027225254,1,0,58506851
434230605,63.60687592,14.62503323,107.814,-14.0155,7.8338,STAR,tmgaia2,20190415,19781,0679-00597-1,524-007799,04142562+1437300,,J041425.72+143729.9,3.31151E+18,42344186,,0.117173,0.0802163,20.3308,0.0554548,9.147,0.035,8.45,0.03,NaN,NaN,NaN,NaN,NaN,NaN,NaN,NaN,NaN,NaN,7.216,0.029,6.916,0.024,6.825,0.017,6.796,0.071,6.776,0.021,6.789,0.015,6.905,0.106,8.28995,0.00077,0.0061,5642.11,102.004,4.45604,0.0735406,0.23,0.05,0.979518,0.0403819,1,0.130668,DWARF,0.8759623,0.02045765,49.1171,0.1348,0,0,63,0.000947558,,,0.005515206,0,0,,0.104527,0.156809,0.0317739,0.04899,0.189659,0.233985,0.0691863,0.0778949,0.0191572,0.0217581,0.1345,0.1351,bj2018,108.873,95.1359,spect,8.66246,0.003311,7.79025,0.002284,1,,hipvmag,tycho2b3,planetcandidate,1.831755701,1.243716043,63.60735566,14.62497288,0.049964708,0.030063006,1,0,58629860
435907579,64.78336694,17.52475515,113.001,-28.0533,7.8073,STAR,tmgaia2,20190415,20146,1268-00352-1,538-008578,04190798+1731291,,J041908.08+173128.8,4.7345E+16,42932326,,0.12574,0.0869866,21.2944,0.058743,9.17,0.117405,8.437,0.028,NaN,NaN,NaN,NaN,NaN,NaN,NaN,NaN,NaN,NaN,7.134,0.023,6.872,0.02,6.787,0.016,6.761,0.075,6.782,0.02,6.797,0.018,6.744,0.087,8.27003,0.000496,0.006,5626.03,138.229,4.48288,0.0827697,0.15,0.003,0.949713,0.0542111,1,0.122222,DWARF,0.814118,0.020161,46.8975,0.1302,0,0,66,0.000354481,,,0,0,0,,0.158868,0.0855756,0.0448859,0.0635362,0.248226,0.284993,0.0840647,0.0814747,0.0182706,0.0220514,0.1298,0.1306,bj2018,159.618,116.839,spect,8.64836,0.002393,7.76271,0.001447,1,,mermil,mermil,planetcandidate,1.972938844,1.348664913,64.78387715,17.52463437,0.061326561,0.031700473,1,0,59656074
17458724,66.79845976,19.46073034,32.5135,5.90436,9.1939,STAR,tmgaia2,20190415,,1273-00668-1,548-009539,04271162+1927387,,J042711.65+192738.7,4.80266E+16,42938461,,0.498849,0.35069,11.6633,0.197491,10.53,0.076,9.816,0.005,NaN,NaN,NaN,NaN,NaN,NaN,NaN,NaN,NaN,NaN,8.53,0.024,8.208,0.02,8.142,0.017,8.097,0.021,8.148,0.02,8.133,0.029,7.839,NaN,9.65728,0.000309,0.006,5630.05,141.71,4.51667,0.0841487,0.148854,0.0124939,0.913477,0.0530704,1,0.123252,DWARF,0.7553343,0.03082045,85.5708,1.4577,0,0,96,0.002247429,,,0,0,0,,0.141417,0.105087,0.0629472,0.0431935,0.297703,0.328463,0.0757581,0.0925392,0.0297875,0.0318534,1.4333,1.4821,bj2018,115.775,167.644,spect,10.0338,0.000847,9.14675,0.000965,1,,tycho2v3,tycho2b3,planetcandidate,7.847486344,5.4370608,66.79860823,19.46075576,0.196770154,0.121860614,1,0,61497745
268221148,67.58357791,28.1318642,142.509,49.5663,5.8649,STAR,tmgaia2,20190415,21010,1841-01370-1,591-012621,04302003+2807548,,J043020.17+280755.3,1.52669E+17,,,0.0951401,0.075881,24.6421,0.0411981,7.229,0.021,6.53217,0.023,NaN,NaN,NaN,NaN,NaN,NaN,NaN,NaN,NaN,NaN,5.182,0.037,5.043,0.222,4.768,0.018,4.815,0.205,4.614,0.117,4.788,0.015,4.717,0.041,6.33175,0.000408597,0.0061,5639.88,104.472,3.83891,0.0693014,-0.0349541,0.0287348,1.99332,0.0869851,1,0.11821,DWARF,3.621831,0.08306475,40.5335,0.0682,0,0,134,0.000498862,,,0.002665458,0,0,,0.139699,0.096721,0.118928,0.0550422,0.0219145,0.0250544,0.060882,0.0777209,0.0792528,0.0868767,0.0681,0.0683,bj2018,76.7812,132.163,spect,6.71718,0.002476,5.82295,0.003999,1,,sirful,tycho2b3,planetcandidate,1.520742445,1.176520975,67.58427368,28.13207762,0.038520203,0.029323117,1,0,62832606
19331152,82.02493435,22.93045668,-117.749,-83.2358,8.0588,STAR,tmgaia2,20190415,25586,1848-01880-1,565-016981,05280600+2255498,,J052805.89+225548.7,3.41614E+18,,,0.104363,0.0754287,18.1837,0.0550032,9.343,0.031,8.67,0.03,NaN,NaN,NaN,NaN,NaN,NaN,NaN,NaN,NaN,NaN,7.407,0.019,7.082,0.016,7.04,0.027,7.007,0.051,7.05,0.02,7.064,0.018,6.925,0.083,8.50319,0.00029,0.006,5634.75,108.065,4.44187,0.0719773,-0.12,0.0212132,0.995631,0.0448845,1,0.128122,DWARF,0.9003068,0.02133315,54.9077,0.1671,0,0,293,0.006145197,,,0,0,0,,0.162251,0.093994,0.0494925,0.0402764,0.188603,0.20681,0.0812503,0.0627042,0.0244592,0.0182071,0.1666,0.1676,bj2018,105.842,110.289,spect,8.86602,0.001914,8.01766,0.003114,1,,hipvmag,tycho2b3,planetcandidate,1.651291331,1.169822406,82.02438388,22.93009831,0.049086538,0.039809323,1,0,82826385
59272933,85.39329212,15.21369691,71.9191,-200.579,7.0629,STAR,tmgaia2,20190415,26807,1298-00228-1,527-015224,05413439+1512495,,J054134.43+151247.2,3.34782E+18,43073858,,0.0884756,0.0709252,26.1312,0.051531,8.406,0.131,7.67,0.03,NaN,NaN,NaN,NaN,NaN,NaN,NaN,NaN,NaN,NaN,6.453,0.021,NaN,NaN,6.064,0.017,6.078,0.105,6.019,0.033,6.102,0.016,6,0.051,7.50559,0.000296,0.0061,5636.15,107.251,4.3582,0.07302,-0.0108824,0.0257248,1.09631,0.0482563,1,0.122663,DWARF,1.092669,0.02692575,38.2263,0.07585,0,0,304,0.009681822,,,0.000563744,0,0,,0.109456,0.13587,0.0496729,0.0468397,0.176458,0.13003,0.0784783,0.0675618,0.0264893,0.0273622,0.0757,0.076,bj2018,102.198,112.304,spect,7.87529,0.002226,7.03039,0.004013,1,,hipvmag,apassdr9,planetcandidate,1.384291901,1.100106115,85.39361302,15.21283331,0.045436833,0.041033038,1,0,88402814
79681628,90.6423836,27.40293186,84.7727,-193.672,8.521,STAR,tmgaia2,20190415,,1872-01994-1,588-025173,06023415+2724107,,J060234.24+272408.5,3.43045E+18,48067817,,0.0741496,0.0605759,14.4136,0.0411256,9.867,0.042,9.182,0.003,NaN,NaN,NaN,NaN,NaN,NaN,NaN,NaN,NaN,NaN,7.926,0.032,7.575,0.02,7.497,0.021,7.482,0.033,7.533,0.021,7.529,0.019,7.533,0.183,8.97119,0.000272,0.006,5632.38,141.205,4.42688,0.0823553,0.115357,0.0191511,1.01296,0.0585327,1,0.128256,DWARF,0.9303565,0.02364865,69.2409,0.19865,0,0,485,0.01767762,,,0,0,0,,0.089548,0.166964,0.0695261,0.0475392,0.189661,0.255696,0.071424,0.0932865,0.0189158,0.0283815,0.1981,0.1992,bj2018,106.007,176.403,spect,9.34039,0.001488,8.48031,0.002229,1,,tycho2v3,tycho2b3,planetcandidate,1.183637759,0.939529135,90.64279473,27.402098,0.039431068,0.03364695,1,0,96501471
274671249,92.08908792,50.75393074,-125.808,-213.687,8.1534,STAR,tmgaia2,20190415,29113,3386-00063-1,704-040481,06082138+5045141,,J060821.24+504511.9,9.71775E+17,55558365,,0.100762,0.087609,15.9078,0.0549147,9.384,0.031,8.77,0.03,NaN,NaN,NaN,NaN,NaN,NaN,NaN,NaN,NaN,NaN,7.523,0.032,7.112,0.063,7.081,0.029,7.029,0.054,7.049,0.019,7.065,0.016,7.197,0.133,8.59691,0.000288,0.006,5626.26,149.004,4.36079,0.0852583,-0.433,0.012,1.09305,0.0658493,1,0.125586,DWARF,1.07858,0.0274717,62.7492,0.21785,0,0,150,0.002548967,,,0.004591586,0,0,,0.0972678,0.153905,0.0543251,0.0773734,0.177193,0.190231,0.0823664,0.0881502,0.0366755,0.0182679,0.2171,0.2186,bj2018,187.652,110.356,spect,8.95561,0.001902,8.10904,0.002535,1,,hipvmag,tycho2b3,planetcandidate,1.729605243,1.358928797,92.08823172,50.7530107,0.058901843,0.05184391,1,0,99198533
307943195,99.39125181,12.1805573,-74.7983,-284.085,6.1933,STAR,tmgaia2,20190415,31660,0741-01283-1,511-026979,06373390+1210505,,,3.35215E+18,41559740,,0.0822079,0.0727106,37.4978,0.0481991,7.547,0.023,6.84,0.03,NaN,NaN,NaN,NaN,NaN,NaN,NaN,NaN,NaN,NaN,5.561,0.029,5.277,0.034,5.174,0.023,NaN,NaN,NaN,NaN,NaN,NaN,NaN,NaN,6.65277,0.000368,0.0061,5638.57,145.242,4.33123,0.0827293,0.1,0.03,1.13089,0.0647412,1,0.12762,DWARF,1.164693,0.02856325,26.6477,0.03445,0,0,516,0.411754,,,0.000592383,0,0,,0.0978281,0.157411,0.082194,0.0472884,0.154408,0.172146,0.0854067,0.0800518,0.0280942,0.0290323,0.0344,0.0345,bj2018,118.535,171.949,spect,7.03978,0.00207,6.1607,0.00419,1,,hipvmag,tycho2b3,planetcandidate,1.282124399,1.127764147,99.39092234,12.17933416,0.041469296,0.041118586,1,0,110740616
387150980,103.7125672,12.13554613,1.02185,-3.03795,9.6753,STAR,tmgaia2,20190415,,0756-01758-1,511-032153,06545101+1208079,,J065451.01+120807.9,3.35145E+18,40530950,,0.0822811,0.0728918,10.4212,0.0423666,10.982,0.095,10.237,0.007,NaN,NaN,NaN,NaN,NaN,NaN,NaN,NaN,NaN,NaN,9.066,0.018,8.764,0.03,8.68,0.022,8.623,0.023,8.663,0.02,8.644,0.03,8.335,NaN,10.1184,0.000709,0.006,5644.1,101.371,4.60872,0.0714733,-0.35,0.012,0.821621,0.0346231,1,0.126744,DWARF,0.6171868,0.01542485,95.6948,0.3909,0,0,384,0.01323043,,,0.000309392,0,0,,0.103257,0.150231,0.0266337,0.0426126,0.218284,0.471055,0.0817053,0.0612413,0.0187624,0.0120873,0.3893,0.3925,bj2018,114.231,88.5117,spect,10.4751,0.001183,9.62928,0.000979,1,,tycho2v3,tycho2b3,planetcandidate,1.28320668,1.130517154,103.7125717,12.13553305,0.041283832,0.039613764,1,0,117375527
301780349,104.1424389,1.162084596,-8.91099,-577.709,6.7643,STAR,tmgaia2,20190415,33382,0149-02914-1,456-026171,06563418+0109435,,,3.11391E+18,35673690,,0.0930375,0.0921921,31.7248,0.0435935,8.115,0.132,7.41,0.03,NaN,NaN,NaN,NaN,NaN,NaN,NaN,NaN,NaN,NaN,6.146,0.019,5.833,0.027,5.721,0.024,NaN,NaN,NaN,NaN,NaN,NaN,NaN,NaN,7.21803,0.000289,0.006,5640,105.262,4.41268,0.0731672,-0.01,0.1,1.02966,0.0435829,1,0.125958,DWARF,0.9664948,0.0219439,31.4924,0.04355,0,0,551,0.007911456,,,0.000678939,0,0,,0.117592,0.134323,0.0413698,0.045796,0.188568,0.175103,0.0694945,0.0768398,0.0267894,0.0170984,0.0435,0.0436,bj2018,111.952,98.5717,spect,7.59322,0.001567,6.72595,0.00251,1,,hipvmag,apassdr9,planetcandidate,1.443025587,1.429808849,104.1424005,1.159597238,0.050115312,0.048749415,1,0,118012975
252909848,104.6572233,51.86720877,-164.836,-209.762,7.4379,STAR,tmgaia2,20190415,33580,3403-00571-1,710-045776,06583774+5152022,,,9.81158E+17,55568436,,0.0723158,0.0553653,24.8467,0.0507126,8.758,0.027,8.06,0.03,NaN,NaN,NaN,NaN,NaN,NaN,NaN,NaN,NaN,NaN,6.805,0.019,6.507,0.02,6.47,0.016,NaN,NaN,NaN,NaN,NaN,NaN,NaN,NaN,7.88781,0.000303,0.006,5646,121.372,4.4704,0.0774219,-0.01,0.1,0.963465,0.0474171,1,0.125596,DWARF,0.8498265,0.02113865,40.2001,0.0826,0,0,94,0.000878178,,,0.006839443,0,0,,0.108199,0.142994,0.0508397,0.0439945,0.181702,0.300129,0.0623973,0.0924466,0.0248885,0.0173888,0.0824,0.0828,bj2018,89.141,153.603,spect,8.25742,0.002156,7.39782,0.001848,1,,hipvmag,tycho2b3,planetcandidate,1.246899987,0.858824254,104.656074,51.86630563,0.035255459,0.033716815,1,0,118644100
291972560,106.4144944,0.274330328,50.606,-38.2104,8.6889,STAR,tmgaia2,20190415,,0162-01277-1,452-028810,07053947+0016275,,J070539.51+001627.1,3.11281E+18,35770385,,0.0810615,0.0726025,13.1108,0.0513227,9.977,0.044,9.329,0.003,NaN,NaN,NaN,NaN,NaN,NaN,NaN,NaN,NaN,NaN,8.081,0.024,7.786,0.042,7.712,0.027,7.649,0.03,7.716,0.019,7.687,0.019,7.68,0.165,9.12897,0.000284,0.006,5654.16,100.86,4.41538,0.0696904,-0.023,0.017,1.02647,0.0409598,1,0.12189,DWARF,0.9701948,0.02370155,76.1068,0.29955,0,0,513,0.01053287,,,0.000399023,0,0,,0.129726,0.114054,0.0417201,0.0401995,0.155583,0.197504,0.0796928,0.059688,0.0204152,0.0269879,0.2984,0.3007,bj2018,108.698,93.0223,spect,9.48681,0.001384,8.64719,0.002328,1,,tycho2v3,tycho2b3,planetcandidate,1.257197831,1.126102153,106.4147123,0.274165811,0.043157629,0.04145788,1,0,120505875
292351425,106.8156214,3.319047696,-32.0057,-0.236375,8.5004,STAR,tmgaia2,20190415,,0166-03013-1,467-026391,07071574+0319086,,J070715.72+031908.5,3.11606E+18,36212950,,0.0755534,0.0651615,16.5846,0.039536,9.867,0.04,9.101,0.003,NaN,NaN,NaN,NaN,NaN,NaN,NaN,NaN,NaN,NaN,7.85,0.024,7.563,0.021,7.474,0.029,7.38,0.029,7.457,0.022,7.43,0.018,7.267,0.147,8.96739,0.000588,0.006,5653.62,106.597,4.55434,0.0721992,0.179,0.061,0.874705,0.0377261,1,0.126009,DWARF,0.704246,0.0167339,60.1922,0.1443,0,0,428,0.01499292,,,0.000540317,0,0,,0.0867966,0.165221,0.0429774,0.0324749,0.345728,0.249628,0.0851876,0.0592109,0.0184931,0.0149747,0.144,0.1446,bj2018,98.6362,114.557,spect,9.35154,0.002543,8.4572,0.00243,1,,tycho2v3,tycho2b3,planetcandidate,1.17215883,1.010511086,106.8154834,3.319046679,0.037177708,0.032032652,1,0,121072021
203167006,107.1263231,45.2021378,-7.14599,-84.1327,9.1024,STAR,tmgaia2,20190415,,3392-01000-1,677-046841,07083032+4512079,,J070830.30+451206.7,9.53327E+17,53564378,,0.123706,0.0946728,11.7713,0.0629422,10.372,0.05,9.627,0.004,NaN,NaN,NaN,NaN,NaN,NaN,NaN,NaN,NaN,NaN,8.467,0.017,8.281,0.044,8.102,0.017,8.067,0.022,8.118,0.02,8.084,0.02,8.223,0.249,9.5489,0.000415,0.0061,5640.07,110.534,4.4852,0.0749594,0.011,0.019,0.947179,0.0437387,1,0.123414,DWARF,0.8178937,0.02142915,84.7478,0.4555,0,0,97,0.006743993,,,0.00372074,0,0,,0.104086,0.142741,0.03009,0.0573874,0.279484,0.195598,0.0885986,0.0613202,0.0191642,0.0236941,0.4531,0.4579,bj2018,109.209,111.858,spect,9.91217,0.001713,9.05949,0.003174,1,,tycho2v3,tycho2b3,planetcandidate,2.07781035,1.468625585,107.1262794,45.20177556,0.060012108,0.059287422,1,0,121548707
184870774,110.2297223,21.47434307,-61.0505,-46.7029,9.5321,STAR,tmgaia2,20190415,,1359-00858-1,558-040422,07205513+2128276,,J072055.08+212827.1,3.3641E+18,46001261,,0.0808253,0.0709637,10.6924,0.0513824,10.961,0.112,10.311,0.008,NaN,NaN,NaN,NaN,NaN,NaN,NaN,NaN,NaN,NaN,8.897,0.019,8.561,0.029,8.52,0.021,8.485,0.023,8.521,0.019,8.488,0.025,8.537,NaN,9.97857,0.000544,0.006,5638.29,118.844,4.57325,0.0750087,-0.293,0.051,0.855876,0.0414724,1,0.122408,DWARF,0.6669699,0.0168376,93.2754,0.4504,0,0,172,0.03466263,,,0,0,0,,0.114947,0.129869,0.0434719,0.0394729,0.234163,0.412576,0.0836153,0.066402,0.0203336,0.0133416,0.4483,0.4525,bj2018,112.972,124.717,spect,10.3422,0.001494,9.48967,0.001282,1,,tycho2v3,tycho2b3,planetcandidate,1.27583031,1.100613639,110.2294398,21.47414199,0.042677721,0.03857731,1,0,124488337
234350325,112.6166906,6.720998696,-143.138,-66.6803,8.0498,STAR,tmgaia2,20190415,,0190-01605-1,484-037926,07302800+0643157,,J073027.90+064314.9,3.14179E+18,38183788,,0.0890357,0.0673343,21.0401,0.063944,9.352,0.032,8.649,0.002,NaN,NaN,NaN,NaN,NaN,NaN,NaN,NaN,NaN,NaN,7.425,0.021,7.111,0.034,7.016,0.027,6.949,0.051,7.019,0.019,7.014,0.016,7.092,0.095,8.50125,0.000276,0.006,5628.12,136.529,4.56559,0.0778512,-0.17,0.04,0.863449,0.0469598,1,0.121901,DWARF,0.6739402,0.0166939,47.4636,0.14515,0,0,202,0.00733694,,,0.006381946,0,0,,0.118452,0.12535,0.0550482,0.0388714,0.260638,0.441196,0.0892947,0.0664077,0.0163972,0.0169906,0.1447,0.1456,bj2018,130.711,142.347,spect,8.86718,0.001126,8.00458,0.001312,1,,tycho2v3,tycho2b3,planetcandidate,1.383521811,1.044513231,112.61607,6.720711601,0.05494686,0.041671369,1,0,126501613
234388232,112.892076,12.03459885,-89.8247,-36.4552,9.3422,STAR,tmgaia2,20190415,,0772-01176-1,511-040382,07313409+1202044,,J073134.03+120204.1,3.16246E+18,40546117,,0.0790888,0.0587201,11.473,0.0424738,10.672,0.073,10.024,0.005,NaN,NaN,NaN,NaN,NaN,NaN,NaN,NaN,NaN,NaN,8.663,0.023,8.335,0.053,8.281,0.023,8.239,0.023,8.272,0.02,8.252,0.022,8.453,0.344,9.79256,0.000267,0.006,5638.66,108.768,4.56001,0.0723889,-0.191,0.021,0.869015,0.039397,1,0.123389,DWARF,0.6877859,0.01746095,86.9438,0.32345,0,0,175,0.02115465,,,0.00344203,0,0,,0.102543,0.144236,0.0323623,0.0464317,0.268734,0.348403,0.0610297,0.0837482,0.0170951,0.0178268,0.3223,0.3246,bj2018,129.877,87.6594,spect,10.1595,0.001451,9.29893,0.001547,1,,tycho2v3,tycho2b3,planetcandidate,1.233357103,0.910750673,112.8916806,12.03444189,0.041227061,0.032752716,1,0,126518601
17660071,117.3624573,14.78960859,37.9048,37.404,9.1532,STAR,tmgaia2,20190415,,0791-00036-1,524-044426,07492698+1447224,,J074927.01+144722.9,3.16461E+18,40835826,,0.0665807,0.0368814,14.0346,0.0419549,10.537,0.059,9.832,0.004,NaN,NaN,NaN,NaN,NaN,NaN,NaN,NaN,NaN,NaN,8.493,0.032,8.129,0.02,8.102,0.021,8.036,0.023,8.075,0.02,8.051,0.022,8.149,0.285,9.6162,0.000145,0.006,5620.35,177.402,4.65768,0.100426,-0.252,0.163,0.776597,0.0562839,1,0.13175,DWARF,0.5421754,0.0153466,71.1066,0.21375,0,0,116,0.003282904,,,0.004461045,0,0,,0.143344,0.120157,0.0434065,0.0691613,0.481873,0.722829,0.0885321,0.112319,0.0131436,0.0175496,0.2131,0.2144,bj2018,183.566,171.239,spect,9.9914,0.000718,9.10518,0.000906,1,,tycho2v3,tycho2b3,planetcandidate,1.041228014,0.572001854,117.3626261,14.78976964,0.034498489,0.019723623,1,0,129462973
39021044,118.5964251,36.76789105,-5.35176,-55.5059,9.0757,STAR,tmgaia2,20190415,,2479-01613-1,634-041592,07542315+3646045,,J075423.14+364603.9,9.18898E+17,50322588,,0.0696163,0.0490215,11.963,0.0411374,10.503,0.065,9.698,0.005,NaN,NaN,NaN,NaN,NaN,NaN,NaN,NaN,NaN,NaN,8.458,0.018,8.11,0.016,8.031,0.016,8.019,0.026,8.078,0.02,8.086,0.023,8.547,0.456,9.52959,0.000248,0.006,5658,106.755,4.49741,0.0708997,0.17,0.015,0.933958,0.0400251,1,0.128267,DWARF,0.8053809,0.0202343,83.3909,0.28825,0,0,50,0.08836054,,,0.003618068,0,0,,0.090532,0.166002,0.054293,0.0257573,0.2176,0.265868,0.0575884,0.0842111,0.0247158,0.0157528,0.2872,0.2893,bj2018,99.5194,113.991,spect,9.89918,0.001413,9.03146,0.001918,1,,tycho2v3,tycho2b3,planetcandidate,1.137590255,0.760257366,118.5963964,36.76765206,0.03394694,0.025390843,1,0,130299277
284067253,119.5431819,52.88987837,-0.323494,-64.6516,8.6733,STAR,tmgaia2,20190415,38952,3783-01075-1,715-046816,07581035+5253236,,J075810.35+525322.8,9.36551E+17,56747368,,0.0566069,0.0395249,13.0935,0.0315757,9.95,0.036,9.27,0.03,NaN,NaN,NaN,NaN,NaN,NaN,NaN,NaN,NaN,NaN,8.081,0.034,7.772,0.021,7.69,0.026,7.641,0.03,7.705,0.019,7.692,0.019,7.697,0.158,9.11455,0.00019,0.006,5623.73,108.425,4.39791,0.0746837,0.130942,0.0123681,1.04732,0.0471156,1,0.123328,DWARF,0.9884453,0.0231787,76.2055,0.18475,0,0,46,7.46E-05,,,0.004137457,0,0,,0.127482,0.119174,0.0471201,0.0471111,0.234024,0.117063,0.101193,0.0481743,0.0196824,0.026675,0.1843,0.1852,bj2018,133.933,82.9168,spect,9.47354,0.001148,8.63149,0.00132,1,,hipvmag,tycho2b3,planetcandidate,0.980370575,0.612939511,119.5431796,52.88960001,0.028896418,0.019288273,1,0,130851481
443852330,121.4281469,11.78280188,-20.1842,8.23856,9.0945,STAR,tmgaia2,20190415,,0789-00542-1,509-044291,08054274+1146581,,J080542.73+114658.1,6.49951E+17,40553366,,0.0671242,0.0409267,13.2414,0.0406726,10.496,0.069,9.645,0.005,NaN,NaN,NaN,NaN,NaN,NaN,NaN,NaN,NaN,NaN,8.434,0.029,8.077,0.04,8.104,0.042,8.015,0.022,8.055,0.02,8.025,0.022,7.848,0.221,9.55613,0.000346,0.006,5645.41,101.98,4.59175,0.0720904,0.0322405,0.0392641,0.837837,0.0346784,1,0.124626,DWARF,0.6423847,0.01536355,75.357,0.2327,0,0,88,0.005135144,,,0.004154569,0,0,,0.111181,0.138071,0.0341116,0.0352452,0.371331,0.301026,0.0585553,0.0856256,0.0149391,0.015788,0.232,0.2334,bj2018,95.9112,108.048,spect,9.93299,0.00113,9.04947,0.000854,1,,tycho2v3,tycho2b3,planetcandidate,1.046453122,0.634685704,121.4280582,11.78283735,0.032458889,0.020210118,1,0,131600661
165852811,122.911053,32.45716119,-484.315,-642.974,6.152,STAR,tmgaia2,20190415,40118,2473-01324-1,613-044746,08113869+3227267,,,9.02008E+17,,,0.0962804,0.0596256,46.3257,0.0579619,7.45,0.022,6.79631,0.023,NaN,NaN,NaN,NaN,NaN,NaN,NaN,NaN,NaN,NaN,5.477,0.019,5.152,0.02,5.09,0.018,NaN,NaN,NaN,NaN,NaN,NaN,NaN,NaN,6.60142,0.000254,0.006,5626,105.57,4.48992,0.0705677,-0.35,0.1,0.942054,0.0402513,1,0.125492,DWARF,0.8010231,0.01871835,21.5728,0.02715,0,0,56,0.002145419,,,0.008116022,0,0,,0.110058,0.140926,0.042898,0.0376045,0.22594,0.232705,0.0884486,0.0526869,0.0212424,0.0161943,0.0271,0.0272,bj2018,105.079,106.06,spect,6.97472,0.001235,6.11606,0.00173,1,,sirful,tycho2b3,planetcandidate,1.555021976,0.924775452,122.9085817,32.45439285,0.048469487,0.032709497,1,0,132241547
172773052,125.3363913,34.30996548,-115.451,-111.495,7.8522,STAR,tmgaia2,20190415,40942,2478-00858-1,622-042364,08212074+3418358,,J082120.69+341835.2,9.03348E+17,49031127,,0.103646,0.0641112,22.3057,0.0738608,9.201,0.029,8.48,0.03,NaN,NaN,NaN,NaN,NaN,NaN,NaN,NaN,NaN,NaN,7.189,0.021,6.878,0.024,6.818,0.024,6.483,0.072,6.459,0.022,6.639,0.016,6.506,0.064,8.30813,0.000454,0.006,5639.82,104.376,4.54302,0.0712377,-0.052,0.003,0.886184,0.0378015,1,0.124986,DWARF,0.7158197,0.0176788,44.7742,0.1492,0,0,62,0.7222983,,,0.005685228,0,0,,0.0916883,0.158283,0.0346412,0.0409618,0.299759,0.261118,0.0777001,0.0647752,0.0191788,0.0161788,0.1487,0.1497,bj2018,94.3641,114.388,spect,8.68526,0.002482,7.81342,0.00271,1,,hipvmag,tycho2b3,planetcandidate,1.682147397,0.994305325,125.3357895,34.30948543,0.05301321,0.034007162,1,0,133257790
366630780,128.4050909,9.382554231,88.8989,-97.8468,8.9526,STAR,tmgaia2,20190415,,0801-00856-1,497-050980,08333722+0922572,,J083337.28+092256.1,5.99755E+17,40018957,,0.132305,0.121056,11.3697,0.0712464,10.245,0.065,9.569,0.004,NaN,NaN,NaN,NaN,NaN,NaN,NaN,NaN,NaN,NaN,8.313,0.029,8.123,0.038,7.913,0.026,7.884,0.025,7.953,0.02,7.936,0.025,8.156,0.485,9.39504,0.000263,0.006,5650.48,144.685,4.39717,0.0830341,-0.067,0.02,1.04821,0.0627387,1,0.123526,DWARF,1.009094,0.0300282,87.7352,0.55255,0,0,73,0.001422934,,,0.003209506,0,0,,0.117253,0.129799,0.0730111,0.0524663,0.181288,0.234928,0.0884352,0.077633,0.0356007,0.0244557,0.5491,0.556,bj2018,78.4389,210.931,spect,9.75357,0.001828,8.90914,0.000992,1,,tycho2v3,tycho2b3,planetcandidate,2.058499269,1.877166161,128.4054788,9.382132946,0.060151854,0.054735035,1,0,134339919
444011015,133.2567006,9.185123729,119.326,-272.427,8.0006,STAR,tmgaia2,20190415,43618,0811-01851-1,496-052904,08530161+0911063,,J085301.69+091103.6,5.97393E+17,40024906,,0.0933804,0.0539646,16.3349,0.0541751,9.308,0.031,8.61,0.03,NaN,NaN,NaN,NaN,NaN,NaN,NaN,NaN,NaN,NaN,7.387,0.029,7.055,0.029,7,0.018,6.927,0.054,7.02,0.02,7.032,0.017,6.916,0.099,8.44388,0.000306,0.006,5650.55,104.307,4.33083,0.0715163,0.153235,0.0257248,1.1314,0.048995,1,0.126687,DWARF,1.175685,0.03163265,61.1113,0.2038,0,0,53,5.99E-05,,,0.004229946,0,0,,0.153642,0.0997323,0.0376412,0.0603487,0.11978,0.158094,0.0623032,0.0807294,0.0279845,0.0352808,0.2031,0.2045,bj2018,116.999,91.6142,spect,8.8023,0.000929,7.95622,0.001447,1,,hipvmag,tycho2b3,planetcandidate,1.452845,0.836865345,133.2572211,9.18395078,0.047839349,0.026321621,1,0,135870693
437042409,134.1869235,15.10450667,-62.6887,52.5873,8.5801,STAR,tmgaia2,20190415,,1394-02099-1,526-049400,08564487+1506162,,J085644.81+150616.7,6.09019E+17,43595764,,0.0659951,0.050785,14.3986,0.0389985,9.829,0.051,9.176,0.004,NaN,NaN,NaN,NaN,NaN,NaN,NaN,NaN,NaN,NaN,7.942,0.024,7.629,0.018,7.572,0.021,7.489,0.033,7.57,0.019,7.557,0.02,7.663,0.191,9.02839,0.000238,0.006,5647.17,146.98,4.45422,0.0833533,-0.0890862,0.0110297,0.98158,0.0568442,1,0.127152,DWARF,0.8828149,0.02130635,69.3127,0.18875,0,0,59,0.00017492,,,0,0,0,,0.127133,0.12717,0.056802,0.0568864,0.176942,0.318622,0.0763173,0.0903892,0.0203,0.0223127,0.1882,0.1893,bj2018,116.285,177.675,spect,9.39058,0.000672,8.53426,0.000577,1,,tycho2v3,tycho2b3,planetcandidate,1.032408271,0.787568228,134.1866439,15.10473309,0.033165701,0.025120533,1,0,136146850
283786963,134.8432489,7.414981943,95.8162,-136.521,7.2106,STAR,tmgaia2,20190415,44137,0225-00213-1,488-049914,08592237+0724539,,J085922.44+072452.5,5.84924E+17,39178642,,0.0832498,0.0634323,20.9642,0.0504456,8.597,0.028,7.84,0.03,NaN,NaN,NaN,NaN,NaN,NaN,NaN,NaN,NaN,NaN,6.572,0.021,6.291,0.026,6.22,0.018,6.19,0.109,6.178,0.033,6.258,0.016,6.183,0.058,7.66504,0.000264,0.006,5646,134.369,4.23389,0.0776836,0.31,0.1,1.265,0.0680552,1,0.123062,DWARF,1.464996,0.0353544,47.635,0.11535,0,0,60,0.000559139,,,0.004435938,0,0,,0.120858,0.125266,0.0821437,0.0539668,0.108216,0.112,0.0696785,0.0856887,0.0314365,0.0392723,0.1151,0.1156,bj2018,112.904,155.834,spect,8.04214,0.001723,7.17329,0.001778,1,,hipvmag,tycho2b3,planetcandidate,1.29374875,0.984075437,134.843665,7.414394144,0.04166524,0.041484314,1,0,136274204
29170185,135.2116551,42.19385124,-55.6994,-136.038,8.7416,STAR,tmgaia2,20190415,,2986-01024-1,661-053621,09005080+4211379,,J090050.74+421136.4,1.00882E+18,53125759,,0.213785,0.173835,11.1049,0.14043,9.959,0.037,9.335,0.003,NaN,NaN,NaN,NaN,NaN,NaN,NaN,NaN,NaN,NaN,8.101,0.027,7.811,0.018,7.75,0.02,7.676,0.029,7.731,0.02,7.71,0.019,7.526,0.188,9.17573,0.000172,0.006,5639.15,117.249,4.28496,0.0762777,-0.146803,0.0123644,1.19276,0.0595778,1,0.124576,DWARF,1.296141,0.0471495,89.8405,1.14225,0,0,28,3.53E-05,,,0.003155223,0,0,,0.156755,0.0923976,0.0668678,0.0522879,0.138969,0.116541,0.090008,0.0625475,0.0528788,0.0414202,1.128,1.1565,bj2018,101.209,133.29,spect,9.52373,0.001177,8.69613,0.001014,1,,tycho2v3,tycho2b3,planetcandidate,3.553292152,2.695852325,135.2113314,42.19326552,0.105573599,0.087174372,1,0,136373156
284992911,137.1972213,26.62911218,-140.683,-370.192,5.3497,STAR,tmgaia2,20190415,44892,1954-01881-1,584-043659,09084732+2637449,,,6.89004E+17,,,0.223343,0.154629,31.1221,0.191419,6.622,0.022,5.95226,0.023,NaN,NaN,NaN,NaN,NaN,NaN,NaN,NaN,NaN,NaN,4.73,0.037,4.554,0.036,4.372,0.015,NaN,NaN,NaN,NaN,NaN,NaN,NaN,NaN,5.78876,0.000809747,0.0061,5641.14,114.701,3.82462,0.0744806,-0.26,0.1,2.0264,0.0946608,1,0.12706,DWARF,3.746378,0.1003997,32.1039,0.1988,0,0,43,0.005111344,,,0.002701453,0,0,,0.112087,0.142033,0.0894673,0.0998543,0.0235667,0.0262907,0.0719113,0.0770499,0.124658,0.0761413,0.1976,0.2,bj2018,108.704,120.699,spect,6.14648,0.002938,5.30892,0.003262,1,,sirful,tycho2b3,planetcandidate,3.559901716,2.398405898,137.1965437,26.6275183,0.132701384,0.08912175,1,0,136900003
39718610,137.7867519,42.6712638,-37.0618,-44.7345,9.3414,STAR,tmgaia2,20190415,,2990-00441-1,664-054288,09110881+4240166,,J091108.78+424016.0,8.16924E+17,53127720,,0.0614102,0.0584386,10.0017,0.0421326,10.628,0.06,9.924,0.004,NaN,NaN,NaN,NaN,NaN,NaN,NaN,NaN,NaN,NaN,8.724,0.02,8.463,0.029,8.39,0.015,8.328,0.023,8.378,0.02,8.309,0.022,8.151,0.247,9.78457,0.000576,0.006,5626.36,139.553,4.43374,0.0834789,0.179558,0.00874486,1.005,0.0560352,1,0.128633,DWARF,0.911875,0.02290245,99.6969,0.42215,0,0,28,0.000194095,,,0.003059011,0,0,,0.099272,0.157994,0.0512372,0.0608332,0.238611,0.229841,0.0751616,0.0917962,0.0256328,0.0201721,0.4202,0.4241,bj2018,129.623,149.484,spect,10.1452,0.001652,9.29938,0.001306,1,,tycho2v3,tycho2b3,planetcandidate,1.022370546,0.906300207,137.7865348,42.67107119,0.031252252,0.030157991,1,0,137003529
149469656,141.6798911,26.35068521,14.8892,-151.427,7.7611,STAR,tmgaia2,20190415,46325,1955-00360-1,582-043772,09264317+2621026,,J092643.18+262100.9,6.94188E+17,46793813,,0.0863526,0.0857438,11.5261,0.0589281,9.13,0.027,8.4,0.03,NaN,NaN,NaN,NaN,NaN,NaN,NaN,NaN,NaN,NaN,7.1,0.019,6.841,0.021,6.757,0.018,6.728,0.077,6.743,0.021,6.767,0.016,6.572,0.074,8.22669,0.000435,0.006,5650,148.303,3.94154,0.0868516,0.46,0.15,1.77119,0.105468,1,0.13102,DWARF,2.880169,0.0775866,86.546,0.44475,0,0,33,0.001563712,,,0.002346796,0,0,,0.160155,0.101885,0.0959131,0.115022,0.054744,0.0333147,0.0946983,0.079005,0.090302,0.0648712,0.4425,0.447,bj2018,147.84,148.767,spect,8.61199,0.000988,7.72033,0.001787,1,,hipvmag,tycho2b3,planetcandidate,1.375428801,1.329999485,141.6799627,26.35003324,0.046330001,0.050801696,1,0,137928878
453445590,148.0698747,49.19079272,-213.146,-70.7767,7.0991,STAR,tmgaia2,20190415,48423,3436-00765-1,696-051025,09521677+4911268,,J095216.54+491126.1,8.26523E+17,54339389,,0.0565158,0.0500803,30.116,0.0359366,8.451,0.023,7.74,0.03,NaN,NaN,NaN,NaN,NaN,NaN,NaN,NaN,NaN,NaN,6.466,0.023,6.136,0.029,6.095,0.02,6.147,0.088,5.973,0.033,6.085,0.014,5.688,0.047,7.55482,0.000395,0.006,5634,106.111,4.49999,0.0708437,0.08,0.1,0.931196,0.0389296,1,0.130146,DWARF,0.7871258,0.0182242,33.1731,0.03985,0,0,21,6.44E-05,,,0.007927623,0,0,,0.086801,0.173491,0.042099,0.0357603,0.181081,0.295061,0.0738282,0.0678592,0.0188393,0.0176091,0.0398,0.0399,bj2018,97.2703,114.952,spect,7.93529,0.00165,7.06399,0.00199,1,,hipvmag,tycho2b3,planetcandidate,0.963721728,0.776592884,148.0684705,49.190488,0.02474789,0.023254054,1,0,139280563
27109999,152.9502857,23.75519592,-379.638,74.6045,7.8031,STAR,tmgaia2,20190415,49942,1968-00625-1,569-046809,10114813+2345184,,,7.26278E+17,46330844,,0.116889,0.112381,17.8711,0.0777527,9.078,0.027,8.42,0.03,NaN,NaN,NaN,NaN,NaN,NaN,NaN,NaN,NaN,NaN,7.158,0.02,6.859,0.021,6.808,0.018,NaN,NaN,NaN,NaN,NaN,NaN,NaN,NaN,8.24169,0.000407,0.006,5653.65,104.816,4.32883,0.0734418,-0.307231,0.0289429,1.13401,0.048912,1,0.125818,DWARF,1.183707,0.0305185,55.8676,0.2445,0,0,24,3.83E-05,,,0.004547461,0,0,,0.125867,0.125769,0.0543648,0.0434593,0.124705,0.145568,0.0758328,0.0710509,0.0214202,0.0396168,0.2434,0.2456,bj2018,120.734,88.8976,spect,8.59564,0.000897,7.75903,0.002206,1,,hipvmag,tycho2b3,planetcandidate,1.85270663,1.742689361,152.9484998,23.75551715,0.069024888,0.052263146,1,0,140090044
356657973,165.4224596,20.83173062,-206.881,-31.8625,7.5627,STAR,tmgaia2,20190415,53898,1436-00692-1,555-048708,11014138+2049540,,J110141.24+204953.8,3.98546E+18,,,0.141972,0.119981,22.9017,0.0691166,8.838,0.027,8.17,0.03,NaN,NaN,NaN,NaN,NaN,NaN,NaN,NaN,NaN,NaN,6.926,0.021,6.618,0.031,6.538,0.023,6.504,0.082,6.5,0.023,6.566,0.015,6.54,0.07,8.00352,0.00061,0.006,5639.35,138.61,4.4439,0.0836625,-0.04,0.04,0.993303,0.0545729,1,0.13174,DWARF,0.8990299,0.0228286,43.6105,0.13245,0,0,29,0.003494423,,,0.005948582,0,0,,0.120949,0.142532,0.069107,0.0400387,0.199066,0.286579,0.101521,0.065804,0.01945,0.0262072,0.1321,0.1328,bj2018,105.66,171.56,spect,8.36562,0.002614,7.52456,0.003306,1,,hipvmag,tycho2b3,planetcandidate,2.238223431,1.860543937,165.4215066,20.83159344,0.059393767,0.055849766,1,0,142281785
284043560,167.1899892,29.02131397,-26.5194,-11.6455,8.9168,STAR,tmgaia2,20190415,54480,1980-01194-1,596-048948,11084559+2901167,,J110845.57+290116.5,7.32422E+17,47858304,,0.0789666,0.0916179,13.8097,0.0398322,10.211,0.05,9.54,0.03,NaN,NaN,NaN,NaN,NaN,NaN,NaN,NaN,NaN,NaN,8.336,0.032,7.973,0.044,7.904,0.031,7.844,0.026,7.905,0.02,7.881,0.02,8.033,0.213,9.36818,0.000519,0.006,5657.49,109.042,4.55711,0.0737336,-0.024759,0.0125936,0.871926,0.0385553,1,0.129965,DWARF,0.7016963,0.0174219,72.2621,0.20955,0,0,27,0.00016082,,,0.004595224,0,0,,0.113306,0.146624,0.0420915,0.0350191,0.27692,0.330253,0.066835,0.0806322,0.0201114,0.0147324,0.2089,0.2102,bj2018,142.319,75.7643,spect,9.73712,0.00255,8.87453,0.002003,1,,hipvmag,tycho2b3,planetcandidate,1.264881509,1.42107077,167.1898586,29.02126383,0.03793852,0.053124101,1,0,142600896
144295847,169.8269678,30.50049014,22.4776,-116.439,9.2479,STAR,tmgaia2,20190415,,2520-00212-1,603-049245,11191846+3030020,,J111918.49+303000.5,4.02334E+18,48183520,,0.0810412,0.0799739,10.5621,0.0493908,10.611,0.067,9.823,0.005,NaN,NaN,NaN,NaN,NaN,NaN,NaN,NaN,NaN,NaN,8.594,0.024,8.21,0.017,8.133,0.023,8.096,0.022,8.134,0.019,8.097,0.021,7.791,0.208,9.71372,0.000358,0.006,5625.28,112.565,4.45227,0.0755415,-0.0687111,0.049493,0.983778,0.0449246,1,0.131327,DWARF,0.8731036,0.02226035,94.4228,0.44365,0,0,16,0.006333967,,,0.00328911,0,0,,0.135235,0.12742,0.0344633,0.0553859,0.149902,0.276183,0.0953209,0.0557622,0.0305565,0.0139642,0.4416,0.4457,bj2018,112.706,112.424,spect,10.094,0.00179,9.202,0.001662,1,,tycho2v3,tycho2b3,planetcandidate,1.30253534,1.240188011,169.8270801,30.4999888,0.037861115,0.038333063,1,0,142997924
388842913,173.3251738,7.215948515,1.7498,2.85505,9.0112,STAR,tmgaia2,20190415,,0277-00703-1,487-052495,11331804+0712575,,J113318.03+071257.5,3.91049E+18,38465157,,0.0752381,0.0550728,13.4046,0.0468104,10.594,0.069,9.672,0.005,NaN,NaN,NaN,NaN,NaN,NaN,NaN,NaN,NaN,NaN,8.369,0.026,8.04,0.036,7.967,0.027,7.876,0.026,7.943,0.02,7.926,0.021,7.698,0.177,9.49258,0.000503,0.006,5619.98,101.681,4.5683,0.0767229,0.323,0.021,0.860763,0.0367588,1,0.134602,DWARF,0.6658871,0.0157462,74.4417,0.26135,0,0,29,0.00333905,,,0,0,0,,0.152131,0.117072,0.0441367,0.0293809,0.363826,0.275546,0.0869465,0.0664992,0.013078,0.0184144,0.2604,0.2623,bj2018,74.5446,128.818,spect,9.89233,0.001661,8.96825,0.002272,1,,tycho2v3,tycho2b3,planetcandidate,1.169087103,0.854133063,173.3251813,7.215960808,0.036838414,0.029357184,1,0,143587537
10148637,174.2982324,40.4555009,-88.6663,13.1714,8.9032,STAR,tmgaia2,20190415,,3013-00844-1,653-054110,11371158+4027197,,J113711.49+402720.0,7.67729E+17,51597022,,0.0435495,0.0415112,13.2688,0.0385464,10.236,0.048,9.496,0.003,NaN,NaN,NaN,NaN,NaN,NaN,NaN,NaN,NaN,NaN,8.272,0.024,7.962,0.023,7.968,9.995,7.816,0.027,7.901,0.02,7.88,0.022,7.742,0.214,9.35768,0.000227,0.006,5658.83,114,4.51869,0.0751109,0.137,0.059,0.91136,0.0420854,1,0.128837,DWARF,0.7673279,0.01902315,75.2015,0.21965,0,0,23,2.97E-05,,,0.004682478,0,0,,0.132853,0.124822,0.0326291,0.0515417,0.306283,0.229695,0.085837,0.0643848,0.0181542,0.0198921,0.219,0.2203,bj2018,131.49,96.5107,spect,9.72828,0.001016,8.85948,0.000967,1,,tycho2v3,tycho2b3,planetcandidate,0.719895188,0.643755871,174.2977307,40.45555762,0.027099021,0.020680717,1,0,143724010
156986186,178.6336152,19.41122815,-450.503,-16.5545,7.578,STAR,tmgaia2,20190415,58067,1443-00454-1,548-051091,11543209+1924404,,,3.97513E+18,43682154,,0.0949492,0.0692619,25.2384,0.0523973,8.776,0,8.2,0.03,NaN,NaN,NaN,NaN,NaN,NaN,NaN,NaN,NaN,NaN,6.957,0.02,6.637,0.021,6.547,0.018,NaN,NaN,NaN,NaN,NaN,NaN,NaN,NaN,8.02942,0.000335,0.006,5623.34,106.284,4.53282,0.0716268,-0.12,0.03,0.896652,0.0387763,1,0.125634,DWARF,0.7243024,0.0172009,39.5771,0.08265,0,0,31,0.07266504,,,0.006889377,0,0,,0.0897743,0.161494,0.0394035,0.0381492,0.178587,0.365984,0.0653905,0.0778632,0.0184002,0.0160016,0.0825,0.0828,bj2018,88.9804,123.588,spect,8.39968,0.001877,7.53702,0.001181,1,,hipvmag,apassdr9,planetcandidate,1.493803546,1.074108248,178.6315587,19.41115689,0.04639118,0.034331269,1,0,144483980
39175436,184.2287516,37.48408473,-108.105,-2.09292,9.2236,STAR,tmgaia2,20190415,59887,2529-00484-1,638-047835,12165491+3729027,,J121654.80+372902.7,1.53236E+18,50357978,,0.0584425,0.0465273,11.5224,0.0509022,10.527,0.053,9.86,0.03,NaN,NaN,NaN,NaN,NaN,NaN,NaN,NaN,NaN,NaN,8.611,0.021,8.256,0.017,8.201,0.016,8.173,0.022,8.22,0.02,8.175,0.02,7.951,0.191,9.67713,0.000178,0.006,5621.59,101.23,4.51149,0.0706761,-0.006,0.037,0.918943,0.0370351,1,0.127466,DWARF,0.7598168,0.0178128,86.5726,0.38435,0,0,16,9.18E-08,,,0.004005246,0,0,,0.105654,0.149278,0.0336633,0.040407,0.277519,0.208182,0.0811258,0.0602263,0.0165442,0.0190814,0.3827,0.386,bj2018,114.402,88.0571,spect,10.0452,0.001078,9.1782,0.000918,1,,hipvmag,tycho2b3,planetcandidate,0.957324247,0.721602309,184.2281651,37.48407572,0.037698226,0.024883317,1,0,145403161
388939353,188.1174934,3.340627752,-146.644,-4.29429,9.0573,STAR,tmgaia2,20190415,,0292-00456-1,467-046745,12322819+0320262,,J123228.08+032026.1,3.70678E+18,36278922,,0.090452,0.0589365,11.7023,0.0473054,10.43,0.063,9.712,0.004,NaN,NaN,NaN,NaN,NaN,NaN,NaN,NaN,NaN,NaN,8.427,0.02,8.136,0.046,8.039,0.02,8.025,0.022,8.063,0.018,8.045,0.025,8.033,0.239,9.51146,0.000383,0.006,5619.95,129.483,4.45815,0.085725,0.216,0.075,0.97715,0.0517387,1,0.13447,DWARF,0.8581174,0.02311525,85.2443,0.3463,0,0,38,0.000132246,,,0.003332176,0,0,,0.112387,0.156554,0.0636724,0.039805,0.201322,0.301923,0.0738402,0.0976098,0.0257324,0.0204981,0.3449,0.3477,bj2018,97.7837,161.183,spect,9.87798,0.000793,9.00981,0.001078,1,,tycho2v3,tycho2b3,planetcandidate,1.403129649,0.913942776,188.116861,3.340609263,0.038477809,0.02793516,1,0,146118232
198484129,192.9398427,19.22883514,16.5163,12.3804,7.5219,STAR,tmgaia2,20190415,62769,1452-00336-1,547-051317,12514555+1913438,,J125145.57+191343.9,3.94199E+18,,,0.107182,0.0718648,11.8757,0.0824072,8.852,0.027,8.14,0.03,NaN,NaN,NaN,NaN,NaN,NaN,NaN,NaN,NaN,NaN,6.899,0.02,6.595,0.015,6.547,0.018,6.454,0.073,6.459,0.022,6.512,0.016,6.451,0.069,7.97154,0.000349,0.0061,5646,102.139,3.8637,0.0734969,0.21,0.1,1.93724,0.0820452,1,0.130182,DWARF,3.435771,0.08800015,84.0079,0.586,0,0,31,0.000350251,,,0.002285746,0,0,,0.121462,0.138901,0.0707176,0.0933729,0.022254,0.032551,0.0661832,0.0808106,0.087994,0.0880063,0.582,0.59,bj2018,107.998,96.2797,spect,8.34142,0.00087,7.4825,0.002609,1,,hipvmag,tycho2b3,planetcandidate,1.686223088,1.114717398,192.939918,19.22888844,0.064516157,0.04256601,1,0,146901730
229533634,194.9165686,54.6765173,99.2898,-14.1457,9.0841,STAR,tmgaia2,20190415,63415,3842-00682-1,724-051152,12593997+5440353,,J125940.09+544035.3,1.57627E+18,56239963,,0.0400444,0.0401396,10.3976,0.0299706,10.417,0.044,9.72,0.03,NaN,NaN,NaN,NaN,NaN,NaN,NaN,NaN,NaN,NaN,8.465,0.024,8.185,0.033,8.107,0.02,8.041,0.023,8.095,0.02,8.053,0.019,8.261,0.203,9.54123,0.000218,0.006,5620.73,148.072,4.3679,0.0824235,0.237,0.014,1.08414,0.0635578,1,0.120334,DWARF,1.056909,0.02693115,95.9102,0.2778,0,0,23,0.003583387,,,0.004125656,0,0,,0.135113,0.105554,0.0553889,0.0717266,0.192132,0.185462,0.085161,0.079686,0.0366437,0.0172186,0.277,0.2786,bj2018,188.174,107.969,spect,9.91425,0.001133,9.04008,0.001121,1,,hipvmag,tycho2b3,planetcandidate,0.699122179,0.622512827,194.9173079,54.67645639,0.023459117,0.02084289,1,0,147258904
149565124,195.171859,21.78473457,-100.202,5.1148,9.027,STAR,tmgaia2,20190415,,1456-00615-1,559-051866,13004124+2147050,,J130041.17+214705.1,3.94434E+18,45051875,,0.0878029,0.0586773,12.3582,0.0458516,10.397,0.049,9.664,0.003,NaN,NaN,NaN,NaN,NaN,NaN,NaN,NaN,NaN,NaN,8.359,0.024,8.101,0.026,7.979,0.017,7.928,0.025,7.993,0.02,7.973,0.019,7.985,0.221,9.4969,0.000469,0.006,5647.29,96.9527,4.50921,0.0695238,0.31,0.017,0.921364,0.0362638,1,0.121488,DWARF,0.7778887,0.0184017,80.7307,0.3011,0,0,26,0.000270021,,,0.004113638,0,0,,0.108912,0.134064,0.0355523,0.0369754,0.227309,0.242898,0.067303,0.0717445,0.0184479,0.0183555,0.3,0.3022,bj2018,113.11,80.7953,spect,9.88413,0.001636,8.98361,0.001573,1,,tycho2v3,tycho2b3,planetcandidate,1.38638459,0.909812444,195.1713944,21.7847566,0.036128055,0.023912289,1,0,147345472
165946761,195.2131315,30.51493537,-50.5592,0.722132,8.3941,STAR,tmgaia2,20190415,,2532-00300-1,603-050778,13005115+3030539,,J130051.10+303053.8,1.46473E+18,48186982,,0.0451589,0.040128,16.6614,0.0337251,9.71,0.001,9.04,0.001,NaN,NaN,NaN,NaN,NaN,NaN,NaN,NaN,NaN,NaN,7.742,0.021,7.444,0.023,7.385,0.016,7.252,0.037,7.375,0.02,7.379,0.018,7.49,0.142,8.84088,0.000135,0.006,5634.55,131.921,4.50108,0.0828756,-0.149,0.074,0.930026,0.0491984,1,0.133346,DWARF,0.7854563,0.01951965,59.9152,0.122,0,0,23,5.01E-05,,,0.00558389,0,0,,0.119078,0.147615,0.0435291,0.0548678,0.338655,0.23356,0.100609,0.0651422,0.021704,0.0173353,0.1217,0.1223,bj2018,149.488,114.353,spect,9.20119,0.000751,8.34789,0.000718,1,,mermil,mermil,planetcandidate,0.725943923,0.622144533,195.2128788,30.51493848,0.024335995,0.01413236,1,0,147351683
198102291,195.733247,51.80341264,-115.859,-20.3215,9.5928,STAR,tmgaia2,20190415,,3461-01039-1,710-053077,13025599+5148123,,J130255.85+514812.1,1.55758E+18,55606242,,0.0522035,0.0501899,10.0653,0.0376364,10.964,0.061,10.197,0.004,NaN,NaN,NaN,NaN,NaN,NaN,NaN,NaN,NaN,NaN,8.97,0.021,8.633,0.018,8.58,0.018,8.546,0.023,8.59,0.02,8.549,0.026,8.473,0.317,10.0437,0.00025,0.006,5630.17,121.576,4.54406,0.0818427,-0.029,0.083,0.885128,0.0446206,1,0.128162,DWARF,0.7092395,0.01826425,99.0687,0.37215,0,0,28,0.000310494,,,0.004148691,0,0,,0.0991754,0.157149,0.043909,0.0453322,0.320215,0.3305,0.0781079,0.0855775,0.0218049,0.0147236,0.3708,0.3735,bj2018,137.32,105.833,spect,10.4079,0.000803,9.5463,0.00121,1,,tycho2v3,tycho2b3,planetcandidate,0.899932113,0.778427896,195.7324403,51.80332515,0.027398253,0.027458671,1,0,147449859
328979536,196.4873694,28.93787333,25.3967,10.2257,9.2726,STAR,tmgaia2,20190415,,1995-01101-1,595-049789,13055696+2856164,,J130556.98+285616.5,1.46125E+18,47253801,,0.0507367,0.0484748,11.5688,0.0388397,10.598,0.0712811,9.905,0.009,NaN,NaN,NaN,NaN,NaN,NaN,NaN,NaN,NaN,NaN,8.672,0.05,8.288,0.04,8.247,0.024,8.184,0.022,8.209,0.021,8.181,0.019,8.098,0.186,9.73225,0.000318,0.006,5649.59,140.184,4.54686,0.0832129,0.0642119,0.0106977,0.882274,0.0490704,1,0.128672,DWARF,0.714446,0.01779825,86.2253,0.2909,0,0,29,0.006020627,,,0.004059806,0,0,,0.148948,0.108397,0.0490226,0.0491181,0.289923,0.390672,0.072446,0.0939797,0.0178444,0.0177521,0.2899,0.2919,bj2018,150.747,129.621,spect,10.1025,0.001018,9.2231,0.000758,1,,mermil,mermil,planetcandidate,0.812562051,0.751581753,196.4874943,28.93791736,0.024960021,0.018280689,1,0,147545664
287178315,198.9040324,9.01602939,-362.513,-122.408,7.8056,STAR,tmgaia2,20190415,64698,0884-00404-1,496-059883,13153694+0900575,,,3.73241E+18,40059804,,0.100347,0.0688526,18.5167,0.0603955,9.091,0.029,8.42,0.03,NaN,NaN,NaN,NaN,NaN,NaN,NaN,NaN,NaN,NaN,7.203,0.024,6.877,0.057,6.804,0.023,NaN,NaN,NaN,NaN,NaN,NaN,NaN,NaN,8.24868,0.000556,0.006,5644.98,140.372,4.35935,0.087331,-0.115294,0.0257248,1.09486,0.0627588,1,0.129137,DWARF,1.096626,0.02932365,53.9219,0.17695,0,0,33,0.000298532,,,0.004845386,0,0,,0.125005,0.133268,0.0490789,0.0764387,0.186042,0.180654,0.089872,0.0847899,0.0348361,0.0238112,0.1764,0.1775,bj2018,183.072,97.6711,spect,8.60935,0.001241,7.76366,0.001734,1,,hipvmag,tycho2b3,planetcandidate,1.561111299,1.067698217,198.9024521,9.015502359,0.053196675,0.032108979,1,0,148010953
305825130,199.7129763,24.61164627,-294.153,67.4653,7.9005,STAR,tmgaia2,20190415,64955,1994-01669-1,574-048612,13185116+2436416,,,1.44659E+18,45550552,,0.0979494,0.0724471,15.287,0.0496946,9.23,0.024,8.52,0.03,NaN,NaN,NaN,NaN,NaN,NaN,NaN,NaN,NaN,NaN,7.245,0.018,6.991,0.018,6.907,0.02,NaN,NaN,NaN,NaN,NaN,NaN,NaN,NaN,8.35316,0.000327,0.006,5637.28,140.363,4.23258,0.0833453,0.237,0.016,1.2669,0.0708593,1,0.125793,DWARF,1.46036,0.0375592,65.2923,0.21345,0,0,32,0.000737199,,,0.00407223,0,0,,0.122114,0.129471,0.0720955,0.0696231,0.0960615,0.136765,0.0833875,0.0833031,0.0473754,0.027743,0.2128,0.2141,bj2018,137.605,143.122,spect,8.72367,0.001134,7.85858,0.001521,1,,hipvmag,tycho2b3,planetcandidate,1.554412961,1.123514639,199.7115833,24.61193675,0.039162858,0.036238763,1,0,148200938
22848435,204.5081409,39.17808343,-225.215,-147.044,7.326,STAR,tmgaia2,20190415,66514,3026-00015-1,646-051438,13380200+3910415,,,1.47577E+18,,,0.0319251,0.0410928,21.9796,0.0350733,8.465,0.130694,7.765,0.009,NaN,NaN,NaN,NaN,NaN,NaN,NaN,NaN,NaN,NaN,6.526,0.019,6.205,0.02,6.111,0.018,NaN,NaN,NaN,NaN,NaN,NaN,NaN,NaN,7.76253,0.000199,0.0063,5636.9,147.782,4.31112,0.084645,0,0.05,1.15738,0.0690201,1,0.128446,DWARF,1.218444,0.0303934,45.4369,0.07295,0,0,36,0.2737218,,,0.005721575,0,0,,0.137258,0.119633,0.0679819,0.0700583,0.157261,0.146097,0.101544,0.067746,0.0303773,0.0304095,0.0728,0.0731,bj2018,145.801,149.763,spect,8.0864,0.00207,7.25398,0.005747,1,,mermil,mermil,planetcandidate,0.525539319,0.637301278,204.50689,39.17745033,0.017793194,0.02150334,1,0,149121034
22947423,206.0845685,38.79773556,-141.262,-23.2932,8.2362,STAR,tmgaia2,20190415,67041,3026-00820-1,644-050333,13442031+3847519,,J134420.16+384751.5,1.49671E+18,,,0.0260088,0.0380342,10.4225,0.0321962,9.519,0.032,8.85,0.03,NaN,NaN,NaN,NaN,NaN,NaN,NaN,NaN,NaN,NaN,7.584,0.019,7.316,0.046,7.238,0.018,7.11,0.047,7.23,0.021,7.207,0.017,7.161,0.094,8.68141,0.00014,0.006,5624.8,109.412,4.0277,0.0753153,0.0215286,0.0123682,1.60392,0.070907,1,0.131058,DWARF,2.320011,0.05279585,95.6813,0.297,0,0,40,0.009461643,,,0.002874823,0,0,,0.101451,0.160666,0.0781387,0.0636754,0.0486475,0.052071,0.0908694,0.0597612,0.044475,0.0611167,0.2961,0.2979,bj2018,98.9153,119.908,spect,9.04316,0.000497,8.19323,0.000643,1,,hipvmag,tycho2b3,planetcandidate,0.427659164,0.589868233,206.0837881,38.79763527,0.014882917,0.019969811,1,0,149445853
399167521,207.196329,6.417840162,-67.7605,18.5564,9.3681,STAR,tmgaia2,20190415,,0314-00496-1,483-055799,13484711+0625042,,J134847.07+062504.3,3.72114E+18,39245308,,0.0755763,0.0699114,10.0419,0.0432143,10.776,0.079,10.045,0.006,NaN,NaN,NaN,NaN,NaN,NaN,NaN,NaN,NaN,NaN,8.724,0.026,8.418,0.044,8.385,0.033,8.311,0.022,8.344,0.02,8.317,0.021,8.545,0.269,9.82427,0.000393,0.006,5623.98,110.641,4.45195,0.0732345,0.02,0.019,0.984144,0.0446206,1,0.128805,DWARF,0.8729452,0.021404,99.2996,0.42935,0,0,39,0.0003233,,,0.002939556,0,0,,0.0896229,0.167987,0.051396,0.0378452,0.137567,0.283732,0.048849,0.09762,0.0189513,0.0238567,0.4275,0.4312,bj2018,98.4023,122.88,spect,10.1962,0.001775,9.32383,0.001848,1,,tycho2v3,tycho2b3,planetcandidate,1.173823715,1.084074134,207.1960354,6.417920057,0.03597481,0.031143266,1,0,149677028
156692471,216.5090384,29.22865947,12.0164,-29.137,9.2288,STAR,tmgaia2,20190415,,2014-00126-1,597-050654,14260215+2913432,,J142602.17+291342.9,1.28398E+18,47261304,,0.0504626,0.068045,11.7488,0.0318591,10.612,0.058,9.835,0.004,NaN,NaN,NaN,NaN,NaN,NaN,NaN,NaN,NaN,NaN,8.584,0.026,8.297,0.024,8.204,0.02,8.166,0.022,8.222,0.02,8.151,0.019,8.234,0.18,9.69183,0.000434,0.006,5626.56,138.096,4.53618,0.080878,0.109,0.014,0.89319,0.0497487,1,0.124615,DWARF,0.7203673,0.01738385,84.9069,0.2314,0,0,29,0.002520717,,,0.004335325,0,0,,0.128637,0.120594,0.0512628,0.0482347,0.242226,0.407442,0.0707892,0.0909668,0.0144621,0.0203056,0.2308,0.232,bj2018,126.171,150.02,spect,10.0686,0.001059,9.18218,0.000829,1,,tycho2v3,tycho2b3,planetcandidate,0.808591026,1.055136805,216.5090977,29.22853401,0.020838141,0.030444376,1,0,151576565
27489711,217.2195599,40.264404,-148.519,36.8832,8.5737,STAR,tmgaia2,20190415,,3039-00206-1,652-054101,14285271+4015518,,J142852.55+401552.1,1.49091E+18,,,0.0344789,0.0433289,13.067,0.0285322,9.756,0.035,9.136,0.002,NaN,NaN,NaN,NaN,NaN,NaN,NaN,NaN,NaN,NaN,7.973,0.017,7.701,0.016,7.665,0.017,7.589,0.031,7.659,0.019,7.639,0.017,7.57,0.111,8.98419,0.000222,0.006,5645.08,138.971,4.35139,0.0805769,-0.194381,0.012363,1.10495,0.0612663,1,0.11946,DWARF,1.11701,0.0261799,76.3601,0.1676,0,0,30,0.000329487,,,0.00472737,0,0,,0.136528,0.102392,0.0536452,0.0688874,0.157964,0.174927,0.0942357,0.0669182,0.0230649,0.0292949,0.1672,0.168,bj2018,149.75,128.192,spect,9.31157,0.001118,8.53103,0.001648,1,,tycho2v3,tycho2b3,planetcandidate,0.569471415,0.671953899,217.2187219,40.26456281,0.017552205,0.02186862,1,0,151681746
402316340,219.4368891,3.332700686,-290.695,-37.2528,8.3274,STAR,tmgaia2,20190415,71527,0328-01117-1,467-049819,14374485+0319576,,,3.65648E+18,36285739,,0.0658689,0.0688793,19.2684,0.0460657,9.624,0,8.96416,0.023,NaN,NaN,NaN,NaN,NaN,NaN,NaN,NaN,NaN,NaN,7.677,0.02,7.35,0.027,7.286,0.024,NaN,NaN,NaN,NaN,NaN,NaN,NaN,NaN,8.78732,0.000196,0.006,5622.9,111.637,4.60172,0.0744507,-0.136,0.063,0.828272,0.0375151,1,0.124209,DWARF,0.6178483,0.01446371,51.8209,0.12465,0,0,43,0.003436574,,,0.006230052,0,0,,0.0853647,0.163053,0.0273704,0.0476598,0.367942,0.344113,0.0768052,0.0720962,0.00935032,0.0195771,0.1243,0.125,bj2018,124.509,98.7649,spect,9.16589,0.002445,8.28601,0.00144,1,,sirful,apassdr9,planetcandidate,1.022139393,1.068102158,219.4356354,3.332540293,0.038875324,0.031783921,1,0,152195593
159613900,219.750879,64.29166038,-135.991,-36.9388,7.0395,STAR,tmgaia2,20190415,71631,4176-00540-1,772-037433,14390026+6417299,,J143859.99+641729.9,1.66869E+18,,,0.0664019,0.0588379,29.0274,0.0270403,8.244,0.024,7.6,0.03,NaN,NaN,NaN,NaN,NaN,NaN,NaN,NaN,NaN,NaN,6.315,0.02,6.012,0.018,5.914,0.021,5.919,0.107,5.807,0.045,5.87,0.018,5.798,0.034,7.49695,0.001073,0.0061,5647,137.261,4.4493,0.0799337,-0.07,0.1,0.987157,0.0533266,1,0.126467,DWARF,0.8927673,0.0218971,34.4159,0.03225,0,0,54,0.000599508,,,0.011781664,0,0,,0.110197,0.142737,0.0495286,0.0571246,0.220151,0.250241,0.0754255,0.0844419,0.0180041,0.0257901,0.0322,0.0323,bj2018,149.163,125.359,spect,7.86811,0.003959,6.9931,0.00436,1,,hipvmag,tycho2b3,planetcandidate,1.215891079,0.91238093,219.7495292,64.29150135,0.027441564,0.026792782,1,0,152297497
119708116,224.511442,17.71864852,-207.924,90.1193,8.9661,STAR,tmgaia2,20190415,,1488-00113-1,539-054742,14580276+1743069,,J145802.59+174308.1,1.18849E+18,43757841,,0.0736891,0.0681595,10.8261,0.0438217,10.258,0.059,9.566,0.004,NaN,NaN,NaN,NaN,NaN,NaN,NaN,NaN,NaN,NaN,8.312,0.019,8.006,0.02,7.96,0.023,7.898,0.025,7.969,0.02,7.932,0.019,8.048,0.188,9.40928,0.000385,0.006,5624.86,206.788,4.35176,0.110515,-0.19,0.199,1.10447,0.0919096,1,0.132111,DWARF,1.100144,0.03332415,92.1257,0.3747,0,0,56,0.000135398,,,0.00337597,0,0,,0.102955,0.161266,0.0716211,0.112198,0.176634,0.297597,0.114114,0.106917,0.0282261,0.0384222,0.3732,0.3762,bj2018,253.226,160.351,spect,9.76862,0.00162,8.92268,0.002789,1,,tycho2v3,tycho2b3,planetcandidate,1.156677293,1.057009278,224.5105022,17.71903654,0.040356682,0.033689734,1,0,153397560
368894751,225.0854595,9.93858107,-97.6695,72.4377,9.0206,STAR,tmgaia2,20190415,,0919-00793-1,500-062514,15002052+0956188,,J150020.44+095619.6,1.17996E+18,38643849,,0.0641983,0.0720308,11.2467,0.0470987,10.371,0.049,9.663,0.003,NaN,NaN,NaN,NaN,NaN,NaN,NaN,NaN,NaN,NaN,8.394,0.02,8.128,0.036,8.027,0.026,7.929,0.024,7.996,0.02,7.98,0.019,7.906,0.151,9.48053,0.000287,0.006,5636.97,104.501,4.41741,0.0711259,0.163,0.102,1.02407,0.0430955,1,0.128811,DWARF,0.9539671,0.0232674,88.6896,0.3733,0,0,36,0.000709421,,,0.003520402,0,0,,0.101362,0.15626,0.0386241,0.0475668,0.18371,0.172544,0.0767795,0.0654722,0.0149959,0.0315389,0.3718,0.3748,bj2018,66.5825,142.419,spect,9.85334,0.001065,8.97333,0.001196,1,,tycho2v3,tycho2b3,planetcandidate,0.999465099,1.117053861,225.0850326,9.938892954,0.035674689,0.035882349,1,0,153534889
284288643,225.4740628,47.94020294,-4.85574,16.3936,8.5427,STAR,tmgaia2,20190415,,3484-01277-1,690-055477,15015378+4756247,,J150153.79+475624.9,1.589E+18,,,0.0470785,0.0638772,13.1725,0.0351005,9.7,0.035,9.119,0.002,NaN,NaN,NaN,NaN,NaN,NaN,NaN,NaN,NaN,NaN,7.85,0.02,7.556,0.029,7.482,0.02,7.376,0.034,7.454,0.02,7.43,0.016,7.401,0.093,8.96637,0.000741,0.0063,5632.92,116.992,4.34708,0.0771002,0.0552607,0.0123654,1.11044,0.0523291,1,0.122129,DWARF,1.118449,0.0265654,75.7499,0.2029,0,0,35,0.0521554,,,0.005377381,0,0,,0.0959675,0.14829,0.058502,0.0461563,0.169381,0.138534,0.0819477,0.0722528,0.0287923,0.0243385,0.2024,0.2034,bj2018,124.244,109.739,spect,9.29504,0.002997,8.48831,0.006416,1,,tycho2v3,tycho2b3,planetcandidate,0.799122892,0.990549756,225.4740316,47.94027352,0.029199665,0.029958999,1,0,153590805
357476474,229.4242923,27.59065692,-45.8978,1.36352,9.5085,STAR,tmgaia2,20190415,,2031-00755-1,588-052944,15174182+2735263,,J151741.79+273526.3,1.27158E+18,48055477,,0.0440544,0.0442216,10.5543,0.0351716,10.98,0.078,10.154,0.006,NaN,NaN,NaN,NaN,NaN,NaN,NaN,NaN,NaN,NaN,8.875,0.027,8.562,0.031,8.471,0.02,8.409,0.022,8.447,0.02,8.414,0.021,8.299,0.203,9.98487,0.000319,0.006,5630.13,145.816,4.56161,0.086357,0.195,0.019,0.867421,0.0519347,1,0.12578,DWARF,0.6811273,0.01789365,94.4905,0.3164,0,0,48,0.0127805,,,0.004069016,0,0,,0.121252,0.130308,0.0526925,0.0511769,0.370281,0.395053,0.0975032,0.0752109,0.0149944,0.0207929,0.3154,0.3174,bj2018,132.185,159.446,spect,10.3759,0.000767,9.46212,0.000641,1,,tycho2v3,tycho2b3,planetcandidate,0.703448044,0.685764558,229.4240693,27.59066279,0.021290878,0.021264156,1,0,154624060
357502809,230.0701148,29.41278984,-11.2736,69.7415,9.4833,STAR,tmgaia2,20190415,,2031-00138-1,598-053120,15201681+2924459,,J152016.81+292446.5,1.27222E+18,47913130,,0.216121,0.239916,11.4582,0.207339,10.828,0.053,10.06,0.004,NaN,NaN,NaN,NaN,NaN,NaN,NaN,NaN,NaN,NaN,8.711,0.026,8.31,0.023,8.253,0.021,8.19,0.023,8.231,0.02,8.186,0.019,8.034,0.145,9.95933,0.00189,0.0064,5643.44,113.018,4.62657,0.0758293,-0.118647,0.00948271,0.804913,0.039696,1,0.130623,DWARF,0.5920633,0.0258775,87.1064,1.58595,0,0,46,0.000312943,,,0.004725883,0,0,,0.111917,0.149328,0.041696,0.037696,0.320192,0.488777,0.0758156,0.075843,0.030784,0.020971,1.5576,1.6143,bj2018,124.016,102.019,spect,10.3044,0.001416,9.39129,0.00336,1,,tycho2v3,tycho2b3,planetcandidate,3.464699643,3.720944511,230.0700591,29.41309012,0.09707992,0.129279697,1,0,154860132
371227879,231.909135,0.07481517,-8.88602,30.3713,9.2807,STAR,tmgaia2,20190415,,0337-00323-1,451-058695,15273818+0004295,,J152738.18+000429.6,4.41724E+18,35908712,,0.0720638,0.0692375,10.7449,0.0422671,10.563,0.065,9.857,0.005,NaN,NaN,NaN,NaN,NaN,NaN,NaN,NaN,NaN,NaN,8.684,0.027,8.362,0.031,8.318,0.025,8.226,0.023,8.273,0.02,8.27,0.021,8.231,0.261,9.72689,0.000339,0.006,5652.22,109.081,4.48152,0.0717017,-0.077,0.015,0.951208,0.04299,1,0.120785,DWARF,0.8319965,0.0211901,92.8194,0.3669,0,0,75,0.01954355,,,0.003273505,0,0,,0.0843221,0.157247,0.0407774,0.0452025,0.209925,0.253356,0.063022,0.0803813,0.0186394,0.0237408,0.3655,0.3683,bj2018,101.861,116.301,spect,10.0901,0.001613,9.23815,0.001994,1,,tycho2v3,tycho2b3,planetcandidate,1.117536447,1.073642755,231.9090968,0.074945935,0.034971049,0.031476498,1,0,155353507
17043953,235.6160701,32.27711132,-45.9783,41.9765,9.7823,STAR,tmgaia2,20190415,,2571-01032-1,612-051370,15422786+3216375,,J154227.82+321638.0,1.37036E+18,48579238,,0.0311948,0.0401372,10.106,0.0216215,11.118,0.076,10.441,0.005,NaN,NaN,NaN,NaN,NaN,NaN,NaN,NaN,NaN,NaN,9.124,0.024,8.773,0.024,8.755,0.018,8.694,0.023,8.735,0.02,8.691,0.024,8.435,0.211,10.2331,0.00028,0.006,5639.28,131.71,4.62654,0.0826695,-0.423,0.011,0.80494,0.0429146,1,0.126941,DWARF,0.590359,0.015062,98.6684,0.21205,0,0,48,0.000330021,,,0.004183525,0,0,,0.112816,0.141065,0.0453935,0.0404357,0.445258,0.432081,0.0826414,0.0826976,0.014378,0.015746,0.2116,0.2125,bj2018,173.47,89.9495,spect,10.5941,0.000729,9.7327,0.000596,1,,tycho2v3,tycho2b3,planetcandidate,0.503551987,0.622365473,235.6158359,32.27729206,0.014058501,0.017241683,1,0,156458815
159833325,236.1582867,49.02826111,-116.986,126.714,9.0778,STAR,tmgaia2,20190415,77104,3486-00585-1,696-055890,15443801+4901415,,J154437.86+490143.0,1.4017E+18,54373880,,0.0670184,0.0544387,10.184,0.0281455,10.236,0.053,9.66,0.03,NaN,NaN,NaN,NaN,NaN,NaN,NaN,NaN,NaN,NaN,8.471,0.023,8.185,0.018,8.134,0.014,8.101,0.023,8.142,0.02,8.11,0.019,8.144,0.144,9.50127,0.000287,0.006,5633.91,121.677,4.3384,0.0787638,-0.0575471,0.0123656,1.12159,0.0556131,1,0.126062,DWARF,1.141829,0.0273515,97.9162,0.2719,0,0,47,0.002061573,,,0.004719425,0,0,,0.0889468,0.163177,0.0484558,0.0627704,0.156512,0.151746,0.0903834,0.0671442,0.0301463,0.0245567,0.2712,0.2726,bj2018,141.362,101.993,spect,9.83996,0.001112,9.0336,0.001578,1,,hipvmag,tycho2b3,planetcandidate,1.142063923,0.844176884,236.1575185,49.02880669,0.028763963,0.02522745,1,0,156625343
283921256,237.0174146,27.41015038,84.6744,-129.126,9.1856,STAR,tmgaia2,20190415,,2036-00284-1,588-053879,15480418+2724365,,J154804.24+272435.2,1.22368E+18,46845438,,0.0324503,0.0429106,10.4056,0.024401,10.517,0.039,9.851,0.003,NaN,NaN,NaN,NaN,NaN,NaN,NaN,NaN,NaN,NaN,8.565,0.029,8.215,0.029,8.156,0.027,8.12,0.022,8.168,0.02,8.135,0.019,8.184,0.142,9.63914,0.000171,0.006,5624.3,136.544,4.40923,0.0791155,-0.064,0.016,1.03376,0.0578895,1,0.124196,DWARF,0.9633943,0.024472,95.8363,0.2258,0,0,63,0.001446059,,,0.003782698,0,0,,0.117127,0.131266,0.0501955,0.0655834,0.153943,0.250133,0.0884961,0.0697349,0.0221867,0.0267573,0.2253,0.2263,bj2018,124.97,148.119,spect,10.0059,0.000448,9.13892,0.00077,1,,tycho2v3,tycho2b3,planetcandidate,0.517891275,0.665403916,237.0178253,27.40959442,0.013337804,0.019630062,1,0,156964578
272917736,239.2053764,4.328584155,45.6364,-71.2776,8.805,STAR,tmgaia2,20190415,,0361-00558-1,472-053366,15564930+0419428,,J155649.32+041942.0,4.42532E+18,36472506,,0.0654209,0.0550552,13.1616,0.0423977,10.069,0.047,9.34,0.003,NaN,NaN,NaN,NaN,NaN,NaN,NaN,NaN,NaN,NaN,8.181,0.024,7.848,0.027,7.823,0.031,8.142,0.239,7.778,0.021,7.774,0.02,7.971,0.212,9.253,0.000196,0.006,5640.62,116.384,4.46378,0.075983,-0.142725,0.0371575,0.97083,0.0452387,1,0.127161,DWARF,0.8595844,0.0203177,75.8131,0.2455,0,0,79,0.01608296,,,0.00416161,0,0,,0.102657,0.151664,0.0417663,0.0487111,0.225985,0.234668,0.0829257,0.0690404,0.0208888,0.0197466,0.2447,0.2463,bj2018,99.2615,133.506,spect,9.61354,0.000776,8.75778,0.000811,1,,tycho2v3,tycho2b3,planetcandidate,1.01523965,0.853699086,239.2055735,4.328277265,0.031600762,0.024214639,1,0,157642246
162492140,242.144193,51.63677662,-96.4991,8.94599,8.5172,STAR,tmgaia2,20190415,79082,3497-01555-1,709-054511,16083461+5138123,,J160834.49+513812.5,1.42766E+18,55635647,,0.0370201,0.0456148,10.261,0.0202692,9.844,0.038,9.14,0.03,NaN,NaN,NaN,NaN,NaN,NaN,NaN,NaN,NaN,NaN,7.935,0.02,7.644,0.016,7.566,0.016,7.482,0.032,7.572,0.02,7.543,0.016,7.494,0.083,8.96909,0.000234,0.006,5621.42,107.007,4.1278,0.0718718,0.401,0.027,1.42933,0.0627789,1,0.123756,DWARF,1.837985,0.042984,97.1827,0.1929,0,0,52,0.006943878,,,0.004572308,0,0,,0.123727,0.123786,0.0587176,0.0668402,0.0533139,0.0811504,0.0548519,0.0888917,0.0423176,0.0436504,0.1925,0.1933,bj2018,122.236,91.7772,spect,9.34149,0.001343,8.4779,0.001594,1,,hipvmag,tycho2b3,planetcandidate,0.63770026,0.707338274,242.1435235,51.63681514,0.018157898,0.020901241,1,0,158770010
359310643,246.0428421,22.36931606,14.0716,-173.665,8.6612,STAR,tmgaia2,20190415,80350,1518-00653-1,562-056804,16241027+2222095,,J162410.29+222207.7,1.29861E+18,,,0.0366317,0.0407431,13.6456,0.0276134,9.79,0.04,9.24,0.03,NaN,NaN,NaN,NaN,NaN,NaN,NaN,NaN,NaN,NaN,8.059,0.02,7.755,0.023,7.705,0.024,7.659,0.028,7.705,0.02,7.684,0.019,7.516,0.168,9.0774,0.000186,0.006,5631.56,130.063,4.42166,0.0810919,-0.457741,0.01237,1.01907,0.0542939,1,0.128949,DWARF,0.9410642,0.0239278,73.129,0.1488,0,0,81,0.005779318,,,0.004758263,0,0,,0.100328,0.15757,0.0534663,0.0551216,0.189009,0.242992,0.0679985,0.0941853,0.0180751,0.0297805,0.1485,0.1491,bj2018,90.0746,170.052,spect,9.40678,0.00101,8.61504,0.001153,1,,hipvmag,tycho2b3,planetcandidate,0.57908941,0.63180907,246.0429076,22.36856834,0.018824122,0.019174304,1,0,160435749
263723073,250.4592686,13.14883685,5.55816,-244.617,7.3312,STAR,tmgaia2,20190415,81748,0973-01561-1,516-062891,16415022+1308556,,J164150.23+130853.3,4.46105E+18,41856302,,0.0472851,0.0430875,20.231,0.0325336,8.646,0.022,7.95,0.03,NaN,NaN,NaN,NaN,NaN,NaN,NaN,NaN,NaN,NaN,6.695,0.027,6.417,0.046,6.33,0.018,6.321,0.083,6.326,0.024,6.364,0.016,6.317,0.063,7.77551,0.00023,0.006,5646,103.537,4.2472,0.0710007,0.11,0.05,1.24575,0.0529045,1,0.121111,DWARF,1.420769,0.03310395,49.3587,0.07985,0,0,109,0.01882612,,,0.004917175,0,0,,0.0907942,0.151427,0.0472543,0.0585548,0.0964756,0.106381,0.0699026,0.0720989,0.04195,0.0242579,0.0797,0.08,bj2018,126.397,80.6779,spect,8.14099,0.001021,7.29269,0.001182,1,,hipvmag,tycho2b3,planetcandidate,0.73811613,0.668131877,250.4592931,13.14778364,0.022606507,0.019189436,1,0,162651742
115509518,253.3847033,42.8248544,120.503,-325.746,6.195,STAR,tmgaia2,20190415,82636,3079-00733-1,665-062805,16533231+4249299,,,1.35794E+18,,,0.0481834,0.0562275,21.3969,0.0262982,7.453,0.134792,6.832,0.013,NaN,NaN,NaN,NaN,NaN,NaN,NaN,NaN,NaN,NaN,5.535,0.021,5.238,0.018,5.182,0.017,NaN,NaN,NaN,NaN,NaN,NaN,NaN,NaN,6.63246,0.000242,0.006,5655.45,142.875,3.84189,0.0814607,-0.31,0.03,1.98649,0.114286,1,0.1262,DWARF,3.636957,0.08970385,46.6725,0.0577,0,0,69,0.000293958,,,0.004103616,0,0,,0.103923,0.148478,0.101637,0.126936,0.0243065,0.0348203,0.0683483,0.0945731,0.0778937,0.101514,0.0576,0.0578,bj2018,127.749,158.001,spect,6.99024,0.001467,6.15588,0.002644,1,,mermil,mermil,planetcandidate,0.802462779,0.871944645,253.3854107,42.82345188,0.020125289,0.027008504,1,0,164344489
21637403,255.5059751,33.33015134,-45.3035,51.9522,8.983,STAR,tmgaia2,20190415,,2594-01120-1,617-054737,17020144+3319485,,J170201.39+331949.1,1.33764E+18,48600790,,0.0325387,0.042858,12.6089,0.0199255,10.369,0.05,9.685,0.003,NaN,NaN,NaN,NaN,NaN,NaN,NaN,NaN,NaN,NaN,8.35,0.023,8.091,0.034,7.981,0.017,7.945,0.027,7.994,0.02,7.959,0.019,7.977,0.195,9.43913,0.00027,0.006,5651.98,106.478,4.50497,0.0732998,0.191,0.098,0.925873,0.0390754,1,0.130718,DWARF,0.7881331,0.017889,79.1272,0.1257,0,0,91,0.001573819,,,0.005546027,0,0,,0.115352,0.146083,0.0390337,0.0391171,0.278113,0.225939,0.0781603,0.0684393,0.0153344,0.0204436,0.1255,0.1259,bj2018,108.026,104.929,spect,9.8121,0.001371,8.93985,0.001503,1,,tycho2v3,tycho2b3,planetcandidate,0.526681368,0.664569396,255.5057416,33.33037502,0.015167666,0.018955758,1,0,165759927
142680352,255.7935198,14.51134072,-165.205,-177.521,5.8665,STAR,tmgaia2,20190415,83435,0988-01950-1,523-064276,17031046+1430409,,J170310.34+143039.1,4.54545E+18,40870619,,0.0443408,0.0459127,27.4762,0.0266971,7.297,0.021,6.51629,0.023,NaN,NaN,NaN,NaN,NaN,NaN,NaN,NaN,NaN,NaN,5.223,0.023,4.946,0.015,4.828,0.018,4.799,0.216,4.643,0.101,4.815,0.015,4.793,0.029,6.34084,0.000318481,0.006,5650,108.86,3.94052,0.0711457,0.43,0.03,1.77327,0.0783543,1,0.123956,DWARF,2.88694,0.065639,36.3569,0.0356,0,0,131,0.004382597,,,0.003565757,0,0,,0.0877376,0.160175,0.0771156,0.079593,0.033556,0.0371143,0.0699593,0.072332,0.0677271,0.0635509,0.0356,0.0356,bj2018,122.097,95.6223,spect,6.73687,0.001886,5.82729,0.002986,1,,sirful,tycho2b3,planetcandidate,0.693161485,0.711995618,255.792785,14.5105764,0.021444735,0.022282764,1,0,165900561
21743687,256.4232149,33.88645536,-72.7241,18.9812,9.1503,STAR,tmgaia2,20190415,,2598-01474-1,620-054791,17054157+3353112,,J170541.51+335311.4,1.33773E+18,,,0.0339494,0.0385465,10.8136,0.0210032,10.409,0.048,9.728,0.003,NaN,NaN,NaN,NaN,NaN,NaN,NaN,NaN,NaN,NaN,8.513,0.02,8.264,0.031,8.164,0.021,8.133,0.023,8.172,0.021,8.145,0.02,7.929,0.172,9.58804,0.000251,0.006,5627.52,122.733,4.4231,0.0757606,-0.02159,0.0123675,1.01738,0.0500804,1,0.12266,DWARF,0.9352454,0.02246915,92.2297,0.18,0,0,83,0.00127393,,,0.004484422,0,0,,0.12835,0.11697,0.0455623,0.0545985,0.199661,0.199578,0.0771405,0.0743808,0.0202294,0.0247089,0.1797,0.1803,bj2018,133.678,111.788,spect,9.94211,0.001376,9.10725,0.001333,1,,tycho2v3,tycho2b3,planetcandidate,0.550323046,0.597799643,256.4228377,33.88653709,0.015904742,0.019827142,1,0,166387048
232602423,257.6529553,63.49207218,14.3602,-37.8292,9.4298,STAR,tmgaia2,20190415,,4202-00819-1,768-046825,17103670+6329314,,J171036.73+632931.0,1.6311E+18,58647589,,0.0425481,0.0517904,10.436,0.0257057,10.69,0.071,9.995,0.005,NaN,NaN,NaN,NaN,NaN,NaN,NaN,NaN,NaN,NaN,8.805,0.02,8.543,0.024,8.451,0.016,8.403,0.022,8.447,0.02,8.416,0.018,8.225,0.108,9.87529,0.000579,0.006,5634.83,129.184,4.50947,0.0796678,0.029055,0.0123649,0.921087,0.0478191,1,0.128817,DWARF,0.7705823,0.0187593,95.5581,0.2365,0,0,65,0.01821077,,,0.012916283,0,0,,0.114952,0.142683,0.0502116,0.0454266,0.223644,0.33551,0.0924865,0.0668491,0.0215482,0.0159704,0.2359,0.2371,bj2018,109.777,148.59,spect,10.238,0.002063,9.38738,0.002022,1,,tycho2v3,tycho2b3,planetcandidate,0.775833777,0.803195247,257.6530939,63.49190931,0.021996545,0.026704226,1,0,167269020
459584397,259.182393,12.11895827,20.2661,-9.74128,9.6614,STAR,tmgaia2,20190415,,0986-01417-1,511-063769,17164377+1207081,,J171643.78+120708.1,4.54057E+18,41877392,,0.0573551,0.0570943,10.1839,0.0375905,11.072,0.112,10.401,0.008,NaN,NaN,NaN,NaN,NaN,NaN,NaN,NaN,NaN,NaN,9.039,0.019,8.71,0.027,8.654,0.021,8.601,0.024,8.641,0.021,8.586,0.024,8.389,0.235,10.1135,0.000555,0.006,5647.68,99.4392,4.58832,0.0721634,-0.092,0.015,0.841154,0.0347538,1,0.1264,DWARF,0.6485239,0.01547005,97.9181,0.3631,0,0,210,0.008131055,,,0.003589803,0,0,,0.0962677,0.156532,0.0334191,0.0360884,0.345303,0.305762,0.0816217,0.0627051,0.0190747,0.0118654,0.3618,0.3644,bj2018,94.3794,104.499,spect,10.4802,0.001465,9.6162,0.001634,1,,tycho2v3,tycho2b3,planetcandidate,0.894445339,0.885495467,259.1824822,12.11891633,0.028255736,0.030742486,1,0,168459223
9624681,259.6706896,34.73946907,81.1983,-234.617,9.9858,STAR,tmgaia2,20190415,84679,2600-01281-1,624-052939,17184095+3444225,,,1.33652E+18,49059756,,0.0338101,0.0383835,10.6078,0.0208289,11.392,0.062,10.69,0.03,NaN,NaN,NaN,NaN,NaN,NaN,NaN,NaN,NaN,NaN,9.287,0.024,8.873,0.023,8.792,0.017,NaN,NaN,NaN,NaN,NaN,NaN,NaN,NaN,10.4882,0.000308,0.006,5655.14,263.043,4.77583,0.132114,0.037,0.267,0.677826,0.0689849,1,0.146389,DWARF,0.4233554,0.01294055,94.014,0.18545,0,0,99,0.01205798,,,0.005339395,0,0,,0.107557,0.18522,0.0533015,0.0846683,1.03391,1.4315,0.112465,0.151764,0.0122832,0.0135979,0.1851,0.1858,bj2018,303.373,222.712,spect,10.9057,0.00079,9.93767,0.000968,1,,hipvmag,apassdr9,planetcandidate,0.549314431,0.595231496,259.6711151,34.73845891,0.015530492,0.018489825,1,0,168865390
363859338,266.2621981,19.29045783,156.16,48.624,7.4737,STAR,tmgaia2,20190415,86882,1560-01381-1,547-063256,17450292+1917258,,J174503.05+191725.9,4.55223E+18,43945298,,0.0584423,0.0726744,20.3533,0.0388944,8.825,0,8.14,0.03,NaN,NaN,NaN,NaN,NaN,NaN,NaN,NaN,NaN,NaN,6.831,0.021,6.548,0.023,6.452,0.016,6.38,0.087,6.387,0.025,6.418,0.015,6.348,0.057,7.94219,0.000696,0.006,5641,136.665,4.31756,0.08367,0.26,0.1,1.14882,0.0626232,1,0.127087,DWARF,1.203996,0.02926295,49.0626,0.0943,0,0,262,0.01270922,,,0.005737768,0,0,,0.111491,0.142682,0.0525342,0.0727121,0.138326,0.159122,0.0896415,0.0776985,0.0313289,0.027197,0.0941,0.0945,bj2018,138.837,134.494,spect,8.33181,0.002365,7.43435,0.001716,1,,hipvmag,apassdr9,planetcandidate,0.919115216,1.126898902,266.2629104,19.29066718,0.022300109,0.03169105,1,0,175711468
193799723,268.6669184,45.55413273,39.731,25.2041,7.061,STAR,tmgaia2,20190415,87691,3511-00462-1,678-062754,17544004+4533148,,J175440.08+453315.0,1.34989E+18,,,0.0586299,0.0647519,15.6883,0.0342514,8.412,0.023,7.68,0.03,NaN,NaN,NaN,NaN,NaN,NaN,NaN,NaN,NaN,NaN,6.35,0.023,6.031,0.024,5.961,0.016,5.955,0.145,5.914,0.043,5.979,0.016,5.921,0.038,7.51645,0.000255,0.006,5621,108.043,3.91454,0.0716323,0.18,0.1,1.8271,0.0814949,1,0.126293,DWARF,3.00243,0.0719009,63.6248,0.1397,0,0,143,0.02482207,,,0.004574119,0,0,,0.0914067,0.16118,0.07521,0.0877799,0.0280847,0.0348721,0.0796287,0.0636359,0.0566813,0.0871205,0.1394,0.14,bj2018,118.217,97.8694,spect,7.88899,0.001338,7.01815,0.001643,1,,hipvmag,tycho2b3,planetcandidate,0.98605467,1.004167778,268.6671627,45.55424124,0.029118656,0.032104072,1,0,179044244
164414261,283.0543732,43.92358883,59.5821,165.524,8.9793,STAR,tmgaia2,20190415,,3131-00520-1,670-069481,18521303+4355246,,J185213.11+435526.7,2.10533E+18,52395396,8078281,0.0456889,0.0522194,12.3465,0.0247906,10.278,0.051,9.647,0.004,NaN,NaN,NaN,NaN,NaN,NaN,NaN,NaN,NaN,NaN,8.315,0.024,8.036,0.031,7.986,0.013,7.925,0.024,7.986,0.02,7.926,0.019,7.772,0.128,9.43021,0.000256,0.006,5659.65,159.427,4.48592,0.0909926,0.0819828,0.0154606,0.946395,0.061407,1,0.134071,DWARF,0.8279381,0.0209196,80.8055,0.1631,0,0,257,0.02974336,,,0.006418908,0,0,,0.101075,0.167066,0.0717854,0.0510286,0.273855,0.33245,0.0980102,0.083975,0.0219012,0.019938,0.1628,0.1634,bj2018,175.115,143.739,spect,9.79606,0.001159,8.93451,0.001067,1,,tycho2v3,tycho2b3,planetcandidate,0.763859336,0.80987594,283.0547294,43.9243015,0.020248947,0.02774067,1,0,223213385
353160483,288.8097818,19.60935084,-56.6442,57.917,9.0273,STAR,tmgaia2,20190415,94615,1607-01082-1,549-088204,19151436+1936334,,J191514.31+193634.1,4.51621E+18,44259883,,0.0480185,0.047049,10.9242,0.0330333,10.332,0.037,9.67,0.03,NaN,NaN,NaN,NaN,NaN,NaN,NaN,NaN,NaN,NaN,8.335,0.023,7.999,0.021,7.938,0.019,7.835,0.025,7.905,0.02,7.931,0.019,8.171,0.219,9.49646,0.000215,0.006,5625.23,101.065,4.39457,0.0705088,0.138,0.0268328,1.05135,0.0434171,1,0.125803,DWARF,0.997128,0.02349035,91.2993,0.2774,0,0,2220,0.120927,,,0.000363565,0,0,,0.109421,0.142184,0.0379633,0.0488709,0.142611,0.181842,0.103525,0.0374926,0.0220169,0.0249638,0.2766,0.2782,bj2018,105.951,96.1785,spect,9.88221,0.00106,8.98331,0.001265,1,,hipvmag,apassdr9,planetcandidate,0.7556753,0.72974283,288.8095229,19.6096002,0.023195573,0.026555208,1,0,262548395
159574506,291.0466392,42.05270183,-30.9895,-37.2054,8.5768,STAR,tmgaia2,20190415,,3142-00403-1,661-074814,19241119+4203097,,J192411.16+420309.3,2.10192E+18,,6603624,0.0370524,0.0460078,12.1546,0.0207964,9.974,0.033,9.195,0.002,NaN,NaN,NaN,NaN,NaN,NaN,NaN,NaN,NaN,NaN,7.918,0.024,7.624,0.024,7.566,0.024,7.483,0.034,7.57,0.02,7.543,0.016,7.525,0.129,9.0436,0.000245,0.006,5636.7,117.812,4.30985,0.0727848,0.275686,0.0415862,1.15907,0.0544095,1,0.125951,DWARF,1.221841,0.02838865,82.0781,0.1412,0,0,499,0.002533834,,,0.005263933,0,0,,0.115321,0.136582,0.0606683,0.0481508,0.116791,0.138416,0.0762313,0.0693382,0.024734,0.0320433,0.141,0.1414,bj2018,155.901,79.7228,spect,9.43352,0.001211,8.53944,0.002307,1,,tycho2v3,tycho2b3,planetcandidate,0.615511621,0.713465406,291.0464595,42.05254164,0.016884122,0.022169052,1,0,279881501
137151335,291.4182859,38.67233648,-28.7264,-5.58838,9.4087,STAR,tmgaia2,20190415,,3134-00218-1,644-068893,19254039+3840204,,J192540.36+384020.4,2.05275E+18,,3544595,0.0412874,0.0448942,10.3974,0.0238629,10.731,0.062,9.996,0.004,NaN,NaN,NaN,NaN,NaN,NaN,NaN,NaN,NaN,NaN,8.771,0.019,8.446,0.017,8.37,0.019,8.338,0.023,8.37,0.021,8.334,0.021,8.027,0.173,9.86249,0.000395,0.006,5655,141.264,4.50815,0.0855087,-0.15,0.1,0.922487,0.0513442,1,0.132461,DWARF,0.7840529,0.02017635,95.9115,0.22115,0,0,709,0.05231804,,,0.004747014,0,0,,0.123637,0.141285,0.0505291,0.0521593,0.306588,0.295281,0.0980794,0.072938,0.0225947,0.017758,0.2206,0.2217,bj2018,125.167,157.361,spect,10.2311,0.001081,9.3637,0.000844,1,,tycho2v3,tycho2b3,planetcandidate,0.678489537,0.696271055,291.4181275,38.67231242,0.019435725,0.023918667,1,0,283492687
63454992,292.8256919,47.82722343,2.6175,36.7616,9.6487,STAR,tmgaia2,20190415,,3560-00151-1,690-068592,19311817+4749378,,J193118.17+474938.3,2.1285E+18,54447064,10602391,0.0591233,0.0586539,10.0731,0.0271727,11.087,0.081,10.27,0.006,NaN,NaN,NaN,NaN,NaN,NaN,NaN,NaN,NaN,NaN,8.913,0.024,8.554,0.017,8.482,0.015,8.432,0.023,8.457,0.02,8.397,0.02,8.072,0.146,10.1393,0.000376,0.006,5637.38,125.359,4.5856,0.0792198,-0.158792,0.0123646,0.84379,0.0424547,1,0.12132,DWARF,0.6478481,0.01647995,98.9912,0.2683,0,0,393,0.0126655,,,0.005728084,0,0,,0.103961,0.138679,0.0417859,0.0431236,0.256033,0.48358,0.101028,0.0574116,0.017877,0.0150829,0.2676,0.269,bj2018,107.678,143.041,spect,10.5433,0.001142,9.60001,0.000883,1,,tycho2v3,tycho2b3,planetcandidate,1.002749836,0.909669423,292.8257087,47.82738171,0.023868772,0.031163952,1,0,296800119
303571794,308.5452424,49.31640167,6.45242,58.3888,9.2276,STAR,tmgaia2,20190415,,3581-01300-1,697-079241,20341085+4918592,,J203410.85+491859.7,2.17986E+18,54521361,,0.0492924,0.053089,11.2572,0.0281528,10.51,0.057,9.766,0.004,NaN,NaN,NaN,NaN,NaN,NaN,NaN,NaN,NaN,NaN,8.63,0.048,8.249,0.044,8.232,0.018,8.161,0.022,8.204,0.02,8.208,0.019,7.922,0.171,9.67498,0.000237,0.006,5646.39,144.592,4.49892,0.0848619,-0.138,0.01,0.932336,0.0542714,1,0.130289,DWARF,0.7960191,0.0207888,88.6049,0.2227,0,0,790,0.0609112,,,0.000553583,0,0,,0.111059,0.14952,0.0524296,0.0561131,0.261052,0.344192,0.0833124,0.0864115,0.020436,0.0211416,0.2222,0.2232,bj2018,160.939,128.245,spect,10.037,0.001117,9.1825,0.001133,1,,tycho2v3,tycho2b3,planetcandidate,0.841008621,0.823332666,308.545285,49.31665307,0.023020943,0.027313137,1,0,410658045
399662435,312.5129537,7.850244002,213.77,106.62,7.951,STAR,tmgaia2,20190415,102838,1090-02731-1,490-134800,20500311+0751009,,J205003.25+075102.0,1.74971E+18,38597309,,0.066029,0.0446816,16.6941,0.0396586,9.122,0,8.54,0.03,NaN,NaN,NaN,NaN,NaN,NaN,NaN,NaN,NaN,NaN,7.352,0.024,7.044,0.049,6.946,0.029,6.892,0.061,6.956,0.02,6.967,0.016,6.994,0.092,8.38223,0.000199,0.006,5658.78,99.3734,4.32757,0.0698586,-0.32,0.05,1.13566,0.0453216,1,0.121242,DWARF,1.191469,0.0288319,59.7981,0.1429,0,0,236,0.001843426,,,0.00456311,0,0,,0.131108,0.111375,0.0531427,0.0375005,0.0998517,0.159721,0.0739381,0.0657792,0.0215747,0.0360891,0.1426,0.1432,bj2018,102.89,95.8567,spect,8.7271,0.000497,7.90529,0.00081,1,,hipvmag,apassdr9,planetcandidate,1.026302704,0.693169354,312.5138828,7.850703062,0.030274825,0.028943924,1,0,424011899
283712633,316.9854994,7.432942868,187.875,-11.3421,7.3741,STAR,tmgaia2,20190415,104318,0539-00261-1,488-137241,21075653+0725584,,J210756.65+072558.4,1.73697E+18,38600839,,0.103134,0.0910227,26.3879,0.0643234,8.72,0.031,8.01,0.03,NaN,NaN,NaN,NaN,NaN,NaN,NaN,NaN,NaN,NaN,6.756,0.021,6.5,0.021,6.361,0.026,6.333,0.085,6.278,0.026,6.36,0.015,6.264,0.067,7.83438,0.000324,0.006,5650.64,108.77,4.50306,0.0752115,0.15,0.03,0.927907,0.0400125,1,0.12919,DWARF,0.7908507,0.01827855,37.855,0.09285,0,0,179,0.008488379,,,0.007127836,0,0,,0.121406,0.136974,0.0474085,0.0326166,0.249504,0.26808,0.077522,0.0729009,0.0161779,0.0203792,0.0926,0.0931,bj2018,118.672,98.8674,spect,8.21209,0.001371,7.33138,0.001851,1,,hipvmag,tycho2b3,planetcandidate,1.602840934,1.411283965,316.9863151,7.432894034,0.053560095,0.034921175,1,0,436651855
96763243,322.5252799,14.718649,39.5258,1.17092,9.5903,STAR,tmgaia2,20190415,,1131-00747-1,524-142145,21300605+1443071,,J213006.08+144307.0,1.77131E+18,42731239,,0.0665142,0.0678855,9.98546,0.0395918,11.081,0.096,10.154,0.008,NaN,NaN,NaN,NaN,NaN,NaN,NaN,NaN,NaN,NaN,8.882,0.027,8.557,0.029,8.474,0.022,8.38,0.022,8.398,0.02,8.354,0.023,8.405,0.313,10.0601,0.00089,0.0061,5652.57,104.335,4.55142,0.0735893,0.116,0.01,0.877659,0.0362261,1,0.127449,DWARF,0.7084841,0.01756065,99.8585,0.39785,0,0,126,0.01020497,,,0.003313326,0,0,,0.105427,0.149471,0.0294724,0.0429799,0.279953,0.308818,0.0872847,0.0598938,0.0189824,0.0161389,0.3962,0.3995,bj2018,111.514,97.1554,spect,10.4269,0.001823,9.52666,0.00363,1,,tycho2v3,tycho2b3,planetcandidate,1.040017821,1.052801579,322.5254559,14.71865404,0.031738434,0.034830847,1,0,451530648
330098716,324.1081635,18.63483441,209.107,104.34,8.0048,STAR,tmgaia2,20190415,106678,1669-00068-1,544-139661,21362594+1838051,,J213626.10+183806.5,1.78595E+18,44727313,,0.0734134,0.0758568,13.8015,0.0455737,9.283,0,8.62,0.03,NaN,NaN,NaN,NaN,NaN,NaN,NaN,NaN,NaN,NaN,7.363,0.026,7.082,0.026,7.017,0.021,6.913,0.064,7.019,0.019,7.009,0.017,6.974,0.096,8.45069,0.000549,0.006,5651.22,105.212,4.18767,0.0715809,0.01,0.033282,1.33414,0.0572864,1,0.122392,DWARF,1.635552,0.04177065,72.3053,0.2401,0,0,129,0.002574439,,,0.003663829,0,0,,0.127521,0.117264,0.0553985,0.0591744,0.0551849,0.110248,0.0622508,0.080911,0.0404532,0.0430881,0.2393,0.2409,bj2018,116.718,93.7062,spect,8.81656,0.001869,7.96511,0.002461,1,,hipvmag,apassdr9,planetcandidate,1.153710142,1.176521628,324.1091136,18.63528365,0.036830786,0.04175635,1,0,455150529
353197404,325.1741833,4.252371995,-66.8006,78.6966,9.1449,STAR,tmgaia2,20190415,,0551-01341-1,472-125410,21404180+0415085,,J214041.75+041509.3,2.69828E+18,38037379,,0.0731543,0.0827307,11.8964,0.055095,10.402,0.06,9.709,0.004,NaN,NaN,NaN,NaN,NaN,NaN,NaN,NaN,NaN,NaN,8.556,0.019,8.212,0.036,8.155,0.02,8.117,0.021,8.149,0.017,8.12,0.018,7.726,0.2,9.58961,0.0003,0.006,5646.92,146.096,4.51276,0.0851998,-0.152592,0.0132706,0.917597,0.0545578,1,0.128761,DWARF,0.7713385,0.02021735,83.858,0.39035,0,0,80,0.01399353,,,0.003684926,0,0,,0.122186,0.135336,0.0446432,0.0644724,0.289417,0.335639,0.0852096,0.0851899,0.0182293,0.0222054,0.3886,0.3921,bj2018,161.674,130.518,spect,9.94999,0.002533,9.1009,0.001204,1,,tycho2v3,tycho2b3,planetcandidate,1.13523286,1.283406589,325.1738949,4.252710827,0.03565031,0.052658213,1,0,457488191
388983727,328.0128654,5.052984394,31.5772,-45.3048,9.4565,STAR,tmgaia2,20190415,,0552-00833-1,476-130078,21520308+0503106,1.23767E+18,J215203.11+050310.2,2.69678E+18,38318312,,0.0689398,0.0723366,10.8959,0.0476082,10.86,0.089,10.025,0.007,13.8867,0.00410106,10.8019,0.00039654,9.95886,0.000317027,9.7797,0.000524171,10.5474,0.00169549,8.84,0.024,8.529,0.071,8.446,0.023,8.374,0.024,8.412,0.02,8.365,0.025,8.538,0.353,9.9243,0.001392,0.0062,5640.33,107.366,4.56851,0.0730155,0.152,0.019,0.86056,0.0376281,1,0.129468,DWARF,0.6752666,0.01797995,91.5372,0.4019,0,0,81,0.000718349,,,0.003427705,0,0,,0.127604,0.131331,0.0405492,0.034707,0.299948,0.325034,0.0754654,0.0705656,0.0206936,0.0152663,0.4002,0.4036,bj2018,92.9529,121.779,spect,10.3149,0.003469,9.41874,0.002816,1,,tycho2v3,tycho2b3,planetcandidate,1.070321968,1.121960589,328.0130019,5.052789332,0.03912768,0.040832955,1,0,463811261
331542393,330.5224573,44.34316684,39.007,29.9619,7.3452,STAR,tmgaia2,20190415,108774,3210-01521-1,672-105933,22020538+4420354,,J220205.42+442035.6,1.96273E+18,52725876,,0.0493862,0.056173,29.3878,0.0295455,8.637,0.023,7.96,0.03,NaN,NaN,NaN,NaN,NaN,NaN,NaN,NaN,NaN,NaN,6.703,0.021,6.335,0.036,6.318,0.018,6.305,0.094,6.199,0.025,6.318,0.015,6.239,0.052,7.79805,0.00041,0.006,5650,100.205,4.58177,0.0713193,-0.16,0.1,0.847521,0.0349749,1,0.12134,DWARF,0.6594618,0.01527115,33.9942,0.0344,0,0,603,0.005264302,,,0.001014757,0,0,,0.113498,0.129183,0.0385864,0.0313633,0.284362,0.360831,0.0652444,0.0773941,0.0153089,0.0152334,0.0343,0.0345,bj2018,79.1015,121.308,spect,8.17053,0.001392,7.30504,0.001303,1,,hipvmag,tycho2b3,planetcandidate,0.826927469,0.87112543,330.5226921,44.34329584,0.022998276,0.027807195,1,0,468756132
468703919,331.6524397,43.37584397,169.028,-85.1461,7.8949,STAR,tmgaia2,20190415,,3210-01542-1,667-106349,22063658+4322329,,J220636.74+432232.1,1.96168E+18,52729054,,0.0747277,0.0870456,18.3549,0.0477912,9.281,0.026,8.554,0.002,NaN,NaN,NaN,NaN,NaN,NaN,NaN,NaN,NaN,NaN,7.242,0.018,6.974,0.055,6.864,0.023,6.783,0.07,6.863,0.021,6.865,0.016,6.825,0.071,8.36267,0.000151,0.006,5652,111.863,4.39991,0.0747411,0.3,0.03,1.04492,0.0466332,1,0.131814,DWARF,1.003843,0.022877,54.396,0.1425,0,0,487,0.02803836,,,0.000634941,0,0,,0.133955,0.129673,0.0524774,0.0407889,0.184427,0.171159,0.0858571,0.0636251,0.0228718,0.0228822,0.1421,0.1429,bj2018,100.017,123.709,spect,8.75027,0.000993,7.85421,0.001139,1,,tycho2v3,tycho2b3,planetcandidate,1.24697426,1.349755375,331.6534409,43.37547738,0.033716694,0.038478347,1,0,470516710
129200198,342.0581095,41.53250055,-158.107,-136.002,7.4306,STAR,tmgaia2,20190415,112595,3222-00093-1,658-112022,22481397+4131570,,J224813.79+413155.6,1.93282E+18,,,0.0482137,0.0572965,20.2428,0.0362039,8.704,0.023,8.04,0.03,NaN,NaN,NaN,NaN,NaN,NaN,NaN,NaN,NaN,NaN,6.82,0.023,6.474,0.016,6.437,0.023,6.376,0.084,6.366,0.025,6.425,0.015,6.362,0.051,7.87,0.000268,0.006,5654.18,142.666,4.28842,0.0819452,-0.17,0.04,1.18802,0.0671608,1,0.126917,DWARF,1.299627,0.0331466,49.3298,0.08875,0,0,217,0.006572347,,,0.005601916,0,0,,0.136948,0.116886,0.0696281,0.0646935,0.122919,0.156109,0.0713723,0.0925181,0.0378328,0.0284604,0.0886,0.0889,bj2018,135.513,149.819,spect,8.2287,0.001171,7.39036,0.001421,1,,hipvmag,tycho2b3,planetcandidate,0.799633636,0.888559403,342.0572002,41.53191499,0.025297978,0.028701075,1,0,487792188
43961153,343.8788172,31.55421545,-10.1065,-41.7732,8.2481,STAR,tmgaia2,20190415,113207,2749-00992-1,608-137663,22553091+3133152,,J225530.90+313314.7,1.88951E+18,48947199,,0.0554407,0.0645577,10.3376,0.0473173,9.693,0.221,8.88,0.03,NaN,NaN,NaN,NaN,NaN,NaN,NaN,NaN,NaN,NaN,7.59,0.017,7.338,0.016,7.252,0.018,7.118,0.043,7.262,0.021,7.242,0.017,7.201,0.104,8.70849,0.000213,0.006,5632,140.422,4.03365,0.0871228,0.23,0.1,1.59297,0.0894975,1,0.129986,DWARF,2.300174,0.05863565,96.4669,0.44365,0,0,112,0.001762311,,,0.002646842,0,0,,0.137356,0.122616,0.079904,0.099091,0.0672398,0.0522306,0.105157,0.0690886,0.0481041,0.0691672,0.4417,0.4456,bj2018,145.056,135.788,spect,9.08702,0.000781,8.20604,0.000933,1,,hipvmag,apassdr9,planetcandidate,0.893523469,1.001106645,343.8787661,31.5540356,0.031397385,0.030420365,1,0,489038045
311552220,344.0615974,4.350261883,58.5258,-53.4773,8.4581,STAR,tmgaia2,20190415,113275,0572-01211-1,472-128558,22561478+0421009,,J225614.82+042100.4,2.66286E+18,38064741,,0.0663778,0.0577456,14.3267,0.0416573,9.898,0.052,9.11,0.03,NaN,NaN,NaN,NaN,NaN,NaN,NaN,NaN,NaN,NaN,7.807,0.027,7.437,0.031,7.333,0.036,7.2,0.036,7.346,0.02,7.321,0.017,7.136,0.111,8.93109,0.000246,0.006,5635.7,102.712,4.40703,0.0701775,0.180576,0.0116512,1.03638,0.0436131,1,0.121614,DWARF,0.9761739,0.02264375,69.6597,0.2037,0,0,46,0.000336519,,,0.004114589,0,0,,0.106386,0.136842,0.0449739,0.0422523,0.146229,0.192915,0.0658125,0.0745426,0.0201445,0.025143,0.2031,0.2043,bj2018,115.571,89.8521,spect,9.32006,0.002269,8.4133,0.002184,1,,hipvmag,tycho2b3,planetcandidate,1.03020698,0.895513691,344.0618501,4.350031633,0.035427024,0.028602376,1,0,490453464
422556732,346.2753799,68.41706471,592.421,162.893,6.8609,STAR,tmgaia2,20190415,113989,4477-01014-1,793-042123,23050615+6825015,,,2.21342E+18,59715338,,0.0543441,0.05701,33.7034,0.0344172,8.133,0.0715612,7.488,0.011,NaN,NaN,NaN,NaN,NaN,NaN,NaN,NaN,NaN,NaN,6.219,0.027,5.918,0.044,5.804,0.018,NaN,NaN,NaN,NaN,NaN,NaN,NaN,NaN,7.30557,0.000213,0.006,5637.57,129.438,4.49945,0.0798467,-0.469839,0.0211472,0.931768,0.0486231,1,0.123985,DWARF,0.7900923,0.01919755,29.6451,0.03045,0,0,358,0.00913432,,,0.001132602,0,0,,0.106932,0.141039,0.0494809,0.0477653,0.241064,0.30851,0.0926882,0.0670053,0.0198064,0.0185887,0.0304,0.0305,bj2018,110.147,148.728,spect,7.67172,0.001639,6.82273,0.002068,1,,mermil,mermil,planetcandidate,1.01895925,0.884273384,346.282314,68.4177662,0.028899875,0.033064461,1,0,492971096
97250801,348.8504947,14.56370784,116.819,38.7123,9.0946,STAR,tmgaia2,20190415,,1167-00623-1,523-150828,23152411+1433493,,J231524.20+143349.7,2.814E+18,41002110,,0.161284,0.111594,10.9032,0.0988852,10.339,0.074,9.651,0.005,NaN,NaN,NaN,NaN,NaN,NaN,NaN,NaN,NaN,NaN,8.401,0.024,8.043,0.02,7.99,0.029,7.909,0.025,7.969,0.02,7.95,0.02,7.835,0.185,9.55151,0.000295,0.006,5645.25,138.098,4.42139,0.0826228,-0.48,0.011,1.01939,0.0567085,1,0.126136,DWARF,0.9508394,0.03013085,91.4862,0.834,0,0,49,0.000711617,,,0.003252318,0,0,,0.106223,0.146049,0.0520538,0.0613633,0.200037,0.238529,0.0682442,0.0970013,0.0296186,0.0306431,0.8265,0.8415,bj2018,144.635,131.56,spect,9.92007,0.00087,9.04629,0.000937,1,,tycho2v3,tycho2b3,planetcandidate,2.521562135,1.730679031,348.8510144,14.56387451,0.081982535,0.057996571,1,0,494941565
423301413,349.5976969,12.11346435,-58.7218,-207.45,7.7548,STAR,tmgaia2,20190415,115066,1164-00695-1,511-143297,23182344+1206483,,J231823.40+120646.3,2.81115E+18,42306235,,0.115996,0.0708068,19.1414,0.0639302,9.122,0.034,8.38,0.03,NaN,NaN,NaN,NaN,NaN,NaN,NaN,NaN,NaN,NaN,7.153,0.026,6.854,0.036,6.742,0.017,6.756,0.071,6.75,0.021,6.766,0.016,6.702,0.077,8.20992,0.00034,0.006,5630,103.746,4.36761,0.0707264,0.11,0.1,1.0845,0.045402,1,0.123054,DWARF,1.06461,0.0256812,52.165,0.17525,0,0,39,0.000502015,,,0.004974956,0,0,,0.105968,0.140141,0.041908,0.048896,0.141608,0.155285,0.0696784,0.0717744,0.0293707,0.0219917,0.1747,0.1758,bj2018,92.1936,115.299,spect,8.58304,0.001202,7.71297,0.000859,1,,hipvmag,tycho2b3,planetcandidate,1.808800181,1.09812161,349.5974383,12.11257116,0.052809656,0.036782689,1,0,496407420
436523869,349.0209385,22.17634021,83.3635,-29.2864,8.4368,STAR,tmgaia2,20190415,,1718-01923-1,561-141790,23160501+2210350,,J231605.09+221034.4,2.83821E+18,46356691,,0.068242,0.0510367,17.5191,0.0466208,9.767,0.03,9.05,0.002,NaN,NaN,NaN,NaN,NaN,NaN,NaN,NaN,NaN,NaN,7.772,0.021,7.478,0.02,7.385,0.017,7.286,0.035,7.393,0.019,7.373,0.018,7.15,0.111,8.89468,0.000584,0.006,5627,147.055,4.56379,0.0841664,-0.06,0.1,0.865244,0.0517085,1,0.128578,DWARF,0.6762069,0.0168927,56.987,0.15255,0,0,63,0.008113576,,,0.005794073,0,0,,0.155093,0.102062,0.0422513,0.0611658,0.222496,0.510506,0.0812325,0.0871003,0.0172255,0.0165599,0.1522,0.1529,bj2018,183.426,110.683,spect,9.268,0.002115,8.39231,0.001846,1,,tycho2v3,tycho2b3,planetcandidate,1.078287161,0.791453957,349.0213261,22.17621412,0.029916662,0.02468686,1,0,496459068
177401037,358.2932621,44.2327276,61.3791,-14.3081,8.996,STAR,tmgaia2,20190415,,3245-01421-1,672-120250,23531037+4413578,,J235310.44+441357.6,1.9259E+18,52819674,,0.0712224,0.0602634,13.4931,0.0501778,10.371,0.051,9.656,0.004,NaN,NaN,NaN,NaN,NaN,NaN,NaN,NaN,NaN,NaN,8.311,0.02,7.991,0.018,7.943,0.046,7.869,0.025,7.907,0.021,7.851,0.019,7.7,0.132,9.46303,0.00089,0.0061,5656.29,113.743,4.57456,0.0740016,0.119,0.03,0.854577,0.0388115,1,0.126928,DWARF,0.6734793,0.01688365,73.9551,0.2765,0,0,157,0.012562,,,0.005143252,0,0,,0.102313,0.151544,0.0394533,0.0381698,0.335725,0.324163,0.0777345,0.0702688,0.0171656,0.0166017,0.2755,0.2775,bj2018,113.407,114.079,spect,9.84934,0.003143,8.95486,0.003004,1,,tycho2v3,tycho2b3,planetcandidate,1.192379578,0.934884454,358.293631,44.23266599,0.042401812,0.038709831,1,0,505472707
177697374,359.9341661,47.60251545,-19.6682,27.7357,9.1954,STAR,tmgaia2,20190415,,3643-01692-1,689-130467,23594420+4736091,,J235944.17+473609.3,1.92747E+18,,,0.0690359,0.0513522,11.0542,0.05105,10.567,0.051,9.821,0.004,NaN,NaN,NaN,NaN,NaN,NaN,NaN,NaN,NaN,NaN,8.567,0.023,8.281,0.026,8.224,0.018,8.164,0.023,8.216,0.021,8.161,0.019,7.971,0.178,9.65162,0.000756,0.0061,5637.93,104.583,4.47118,0.0732043,0.185,0.016,0.962591,0.0421005,1,0.121491,DWARF,0.8434451,0.02234385,90.2303,0.4188,0,0,221,0.02192372,,,0.004032635,0,0,,0.13594,0.107042,0.0556533,0.0285477,0.205706,0.239952,0.069814,0.0765946,0.0187531,0.0259346,0.4169,0.4207,bj2018,73.1744,135.992,spect,10.0278,0.001841,9.15544,0.001447,1,,tycho2v3,tycho2b3,planetcandidate,1.17035469,0.796667835,359.9340405,47.60263486,0.044086621,0.03359689,1,0,506479613
201290949,2.686832346,-59.17591349,-77.0877,-9.79123,8.7479,STAR,tmgaia2,20190415,,8470-01175-1,155-000152,00104482-5910332,,J001044.72-591033.3,4.9181E+18,,,0.0399744,0.0362526,11.5239,0.0249065,9.905,0.036,9.303,0.002,NaN,NaN,NaN,NaN,NaN,NaN,NaN,NaN,NaN,NaN,8.195,0.018,7.924,0.023,7.881,0.02,7.785,0.028,7.853,0.02,7.834,0.018,7.842,0.162,9.15586,0.000194,0.006,5649.7,111.644,4.31298,0.0740848,-0.29,0.09,1.15489,0.0524171,1,0.125885,DWARF,1.224279,0.0295131,86.559,0.188,0,0,56,0.000711554,,,0.004314122,0,0,,0.137356,0.114413,0.0635543,0.0412799,0.0773875,0.189333,0.0966239,0.0515456,0.0290158,0.0300104,0.1876,0.1884,bj2018,89.1382,134.149,spect,9.4806,0.001155,8.70507,0.001249,1,,tycho2v3,tycho2b3,planetcandidate,0.712840973,0.562226803,2.686184604,-59.17595565,0.021509669,0.018712934,1,0,507940950
184449126,5.98527283,-14.34644538,77.8705,-13.7512,8.1004,STAR,tmgaia2,20190415,1893,5268-00616-1,379-000467,00235645-1420473,,J002356.53-142047.5,2.3749E+18,5045965,,0.093697,0.0579924,19.7196,0.0511695,9.371,0.057,8.72,0.03,NaN,NaN,NaN,NaN,NaN,NaN,NaN,NaN,NaN,NaN,7.41,0.02,7.068,0.031,6.966,0.02,6.839,0.062,6.918,0.021,6.949,0.016,6.735,0.085,8.56107,0.000202,0.006,5626,106.139,4.53265,0.075367,-0.09,0.05,0.896826,0.0392964,1,0.125174,DWARF,0.7259549,0.01644025,50.6371,0.1322,0,0,23,0.02687002,,,0.005914148,0,0,,0.117399,0.13295,0.0300879,0.048505,0.273406,0.282222,0.0686978,0.0820362,0.0187091,0.0141714,0.1319,0.1325,bj2018,135.673,76.6054,spect,8.92367,0.000938,8.04226,0.002098,1,,hipvmag,apassdr9,planetcandidate,1.464373184,0.899323487,5.985618898,-14.34650459,0.042366135,0.028169566,1,0,508622573
28001525,10.67093151,-18.61602241,55.6895,-11.9601,9.1908,STAR,tmgaia2,20190415,,5847-00899-1,357-000804,00424102-1836576,,J004241.06-183657.7,2.36918E+18,7446478,,0.091153,0.0469332,10.3575,0.047898,10.403,0.052,9.733,0.004,NaN,NaN,NaN,NaN,NaN,NaN,NaN,NaN,NaN,NaN,8.613,0.027,8.347,0.046,8.241,0.026,8.224,0.022,8.261,0.02,8.259,0.023,8.426,0.368,9.61206,0.000219,0.006,5650.4,101.304,4.40321,0.070821,-0.33,0.09,1.04095,0.0430553,1,0.125548,DWARF,0.9951009,0.0258223,96.2821,0.4474,0,0,41,0.006960627,,,0.00306322,0,0,,0.129134,0.121962,0.0423221,0.0437884,0.161418,0.177663,0.0597562,0.0818859,0.021858,0.0297866,0.4454,0.4494,bj2018,97.944,104.664,spect,9.94736,0.0008,9.14556,0.000772,1,,tycho2v3,tycho2b3,planetcandidate,1.432191404,0.727978677,10.67118452,-18.6160739,0.036628258,0.027353424,1,0,510203590
118586897,10.80248196,-37.98263317,49.3438,-114.176,7.2576,STAR,tmgaia2,20190415,3391,7532-00852-1,261-000767,00431259-3758574,,J004312.64-375858.8,5.00077E+18,17458635,,0.0615846,0.0511806,23.8531,0.0535764,8.607,0.026,7.88,0.03,NaN,NaN,NaN,NaN,NaN,NaN,NaN,NaN,NaN,NaN,6.672,0.023,6.345,0.021,6.289,0.021,6.236,0.095,6.153,0.027,6.277,0.016,6.16,0.049,7.71051,0.000205,0.006,5655.45,106.298,4.36737,0.0729614,0.235489,0.0213708,1.08479,0.0469146,1,0.125604,DWARF,1.084571,0.0263934,41.8727,0.09465,0,0,24,0.0196892,,,0.006288224,0,0,,0.104957,0.146251,0.0488683,0.0449608,0.144871,0.170019,0.0700542,0.0758687,0.0228011,0.0299857,0.0944,0.0949,bj2018,98.4907,114.106,spect,8.0837,0.00092,7.21809,0.000895,1,,hipvmag,tycho2b3,planetcandidate,1.010445922,0.793713427,10.8027515,-37.98312476,0.043419572,0.025636389,1,0,510240127
43400838,11.11104477,-26.51568283,313.484,149.5,7.1646,STAR,tmgaia2,20190415,3479,6423-01832-1,318-000792,00442661-2630566,,,2.34365E+18,13160946,,0.0640647,0.0465046,29.2163,0.0576797,8.448,0.0967523,7.783,0.019,NaN,NaN,NaN,NaN,NaN,NaN,NaN,NaN,NaN,NaN,6.57,0.03,6.243,0.04,6.163,0.021,NaN,NaN,NaN,NaN,NaN,NaN,NaN,NaN,7.61066,0.00025,0.006,5639,144.982,4.49794,0.0864417,-0.26,0.1,0.933389,0.0540905,1,0.127926,DWARF,0.7936485,0.02114615,34.1937,0.06795,0,0,21,0.000402908,,,0.007579389,0,0,,0.110232,0.145621,0.0517045,0.0564764,0.217084,0.38475,0.0788283,0.094055,0.0211071,0.0211852,0.0678,0.0681,bj2018,137.061,152.903,spect,7.97669,0.000897,7.12492,0.001112,1,,mermil,mermil,planetcandidate,1.020850542,0.721266208,11.11255316,-26.51503915,0.03666733,0.025329762,1,0,510661422
165941810,31.67169212,-46.60790619,-23.1026,-28.6473,8.8508,STAR,tmgaia2,20190415,9846,8042-00780-1,217-002016,02064120-4636286,,J020641.16-463628.8,4.94306E+18,22152568,,0.0308487,0.0323291,10.8015,0.0229855,10.039,0.09,9.38,0.03,NaN,NaN,NaN,NaN,NaN,NaN,NaN,NaN,NaN,NaN,8.316,0.021,8.051,0.027,8.005,0.036,7.901,0.027,7.972,0.02,7.941,0.019,7.719,0.16,9.2424,0.000241,0.006,5648.7,122.262,4.29121,0.0777982,-0.19,0.1,1.18421,0.0588744,1,0.121627,DWARF,1.28632,0.03210585,92.3325,0.1974,0,0,37,0.01227941,,,0.004006271,0,0,,0.135493,0.107761,0.0446513,0.0730975,0.100992,0.166601,0.0712261,0.0843704,0.0299111,0.0343006,0.197,0.1978,bj2018,144.946,99.5781,spect,9.55129,0.001305,8.80813,0.001138,1,,hipvmag,apassdr9,planetcandidate,0.520900552,0.501391797,31.67154733,-46.60802953,0.016835615,0.017072542,1,0,517581988
166696880,35.6194818,-49.68349011,53.4694,-69.4163,8.6769,STAR,tmgaia2,20190415,11068,8052-00811-1,202-002134,02222869-4941007,,J022228.73-494101.2,4.93842E+18,22158055,,0.0385226,0.0354158,11.6578,0.0259023,10.064,0.193,9.29,0.03,NaN,NaN,NaN,NaN,NaN,NaN,NaN,NaN,NaN,NaN,8.092,0.021,7.765,0.026,7.695,0.021,7.604,0.03,7.7,0.02,7.665,0.018,7.491,0.126,9.12183,0.000161,0.006,5653.8,123.755,4.31064,0.0784219,-0.06,0.09,1.15801,0.0573769,1,0.13104,DWARF,1.234482,0.030599,85.5674,0.19105,0,0,36,0.005501603,,,0.004667367,0,0,,0.109233,0.152846,0.0365492,0.0782045,0.110775,0.166053,0.080937,0.0759068,0.0334402,0.0277578,0.1906,0.1915,bj2018,169.85,77.6598,spect,9.48365,0.000791,8.63414,0.001027,1,,hipvmag,apassdr9,planetcandidate,0.658301653,0.549269972,35.61983761,-49.68378899,0.020475858,0.018894402,1,0,518371253
423448777,51.31267986,-15.0392328,-147.383,-275.294,7.3523,STAR,tmgaia2,20190415,15940,5873-00769-1,375-003886,03251503-1502215,,J032514.94-150224.1,5.11299E+18,7517305,,0.0955038,0.107061,15.4385,0.0719492,8.647,0,7.98,0.03,NaN,NaN,NaN,NaN,NaN,NaN,NaN,NaN,NaN,NaN,6.723,0.018,6.395,0.034,6.291,0.026,6.276,0.085,6.208,0.026,6.287,0.015,6.25,0.053,7.80251,0.000316,0.0061,5621.5,148.986,4.01518,0.0864968,-0.444923,0.0347297,1.62721,0.0979524,1,0.128048,DWARF,2.382262,0.06303915,64.6542,0.303,0,0,22,4.38E-06,,,0.003238105,0,0,,0.160537,0.0955581,0.116415,0.0794899,0.065903,0.046269,0.0890919,0.0839017,0.0467674,0.0793109,0.3016,0.3044,bj2018,121.592,176.38,spect,8.17183,0.001871,7.31163,0.004165,1,,hipvmag,apassdr9,planetcandidate,1.494113711,1.659983656,51.31202279,-15.04041809,0.053603015,0.04226548,1,0,521680187
269630496,61.30983039,-1.011820633,17.1304,-35.8315,6.3052,STAR,tmgaia2,20190415,19070,4725-00331-1,445-005710,04051436-0100426,,J040514.37-010042.8,3.25368E+18,71805,,0.0639365,0.045383,15.5675,0.0437658,7.643,0.018,6.97,0.03,NaN,NaN,NaN,NaN,NaN,NaN,NaN,NaN,NaN,NaN,5.678,0.024,5.379,0.042,5.229,0.021,5.229,0.196,5.112,0.068,5.243,0.015,5.221,0.035,6.77568,0.000263,0.006,5630,97.3631,3.61471,0.0674656,0.15,0.03,2.58035,0.104118,1,0.119052,DWARF,6.02676,0.140772,64.1177,0.1813,0,0,40,0.000105613,,,0.001812561,0,0,,0.103072,0.135033,0.10233,0.105906,0.0101901,0.0112015,0.0792231,0.0557082,0.145671,0.135873,0.1808,0.1818,bj2018,87.3881,107.338,spect,7.17309,0.001807,6.27154,0.002617,1,,hipvmag,apassdr9,planetcandidate,0.991578902,0.703851914,61.30990416,-1.011974907,0.032247543,0.024178668,1,0,524000058
153723325,66.04974558,-47.16315491,119.109,263.096,9.0658,STAR,tmgaia2,20190415,20551,8069-00261-1,215-004479,04241193-4709473,,,4.7893E+18,22207458,,0.0378432,0.0443607,15.5834,0.0202149,10.641,0.046,9.82,0.03,NaN,NaN,NaN,NaN,NaN,NaN,NaN,NaN,NaN,NaN,8.319,0.02,7.907,0.029,7.8,0.02,NaN,NaN,NaN,NaN,NaN,NaN,NaN,NaN,9.58808,0.000239,0.006,5620.1,131.546,4.73711,0.0823881,-0.03,0.1,0.708727,0.0380452,1,0.127978,DWARF,0.4514704,0.01135855,64.0517,0.08355,0,0,55,0.009122372,,,0.009726823,0,0,,0.0852988,0.170658,0.0284161,0.0476744,0.701148,0.60384,0.0894745,0.0753016,0.0101266,0.0125905,0.0834,0.0837,bj2018,154.907,108.185,spect,10.031,0.001249,9.021,0.001833,1,,hipvmag,apassdr9,planetcandidate,0.640271256,0.687898877,66.05049984,-47.16202214,0.018158113,0.020583687,1,0,525395143
219256496,66.2112715,-50.62218986,-67.3942,-143.595,7.0333,STAR,tmgaia2,20190415,20606,8075-01657-1,197-004307,04245071-5037196,,J042450.60-503721.4,4.78155E+18,25525175,,0.050135,0.0616253,18.0581,0.030342,8.44,0.024,7.69,0.03,NaN,NaN,NaN,NaN,NaN,NaN,NaN,NaN,NaN,NaN,6.395,0.026,6.133,0.031,6.006,0.029,5.899,0.115,5.886,0.043,5.941,0.015,5.919,0.035,7.49977,0.000295,0.0061,5653,117.047,4.04092,0.0721271,0.36,0.06,1.5797,0.0732286,1,0.120213,DWARF,2.295937,0.05439055,55.2884,0.09345,0,0,57,0.04812838,,,0.005864851,0,0,,0.0769763,0.163449,0.0896301,0.0568271,0.0431126,0.0589535,0.0582171,0.086037,0.0488097,0.0599714,0.0933,0.0936,bj2018,115.6,118.493,spect,7.89381,0.001504,7.00044,0.004178,1,,hipvmag,tycho2b3,planetcandidate,0.860066997,0.955660783,66.21081413,-50.62280812,0.02778637,0.029924722,1,0,525426406
358290716,66.04827549,-57.0719465,-98.9963,-60.9262,6.6236,STAR,tmgaia2,20190415,20552,8505-01904-1,165-004326,04241158-5704191,,J042411.84-570418.3,4.77535E+18,,,0.0525832,0.0664346,36.257,0.0269705,7.868,0.023,7.152,0.002,NaN,NaN,NaN,NaN,NaN,NaN,NaN,NaN,NaN,NaN,5.892,0.035,5.642,0.059,5.549,0.026,4.594,0.295,4.476,0.1,4.706,0.015,4.762,0.026,7.07133,0.000319,0.0062,5658,115.477,4.47582,0.0775376,0.09,0.03,0.957464,0.0444724,1,0.129645,DWARF,0.8464314,0.01961095,27.5589,0.02065,0,0,61,1.369876,,,0.016632659,0,0,,0.112928,0.146362,0.0467724,0.0421724,0.199078,0.298644,0.0550341,0.100041,0.0158419,0.02338,0.0207,0.0206,bj2018,137.885,93.0688,spect,7.44763,0.001704,6.59247,0.004975,1,,tycho2v3,tycho2b3,planetcandidate,0.928108,1.030162113,66.04749138,-57.07220882,0.025931974,0.029616409,1,0,525457374
142082642,98.38445774,-72.32316491,2.30958,12.4018,9.1295,STAR,tmgaia2,20190415,,9185-00742-1,089-012270,06333228-7219234,,J063332.27-721923.2,5.26564E+18,33620984,,0.0440635,0.0600807,10.3174,0.0275259,10.407,0.053,9.706,0.004,NaN,NaN,NaN,NaN,NaN,NaN,NaN,NaN,NaN,NaN,8.511,0.029,8.234,0.02,8.127,0.029,8.111,0.023,8.166,0.02,8.131,0.019,8.096,0.138,9.57397,0.000257,0.006,5620.8,131.795,4.37431,0.0820616,-0.04,0.1,1.07616,0.0571257,1,0.123018,DWARF,1.041456,0.0243978,96.6528,0.2591,0,0,239,0.1190097,,,0.011478379,0,0,,0.1548,0.0912356,0.049198,0.0650533,0.161259,0.208268,0.0732621,0.0908612,0.024001,0.0247946,0.2584,0.2598,bj2018,171.594,91.9955,spect,9.93958,0.002464,9.09104,0.003523,1,,tycho2v3,tycho2b3,planetcandidate,0.846287207,0.931692795,98.38449049,-72.32311151,0.023837825,0.028693542,1,0,566196264
101145648,99.03661633,-27.62229635,21.5858,-262.948,6.9941,STAR,tmgaia2,20190415,31540,6516-00711-1,312-012486,06360878-2737200,,J063608.79-273722.8,2.91976E+18,12644766,,0.0399581,0.0596757,26.668,0.032696,8.283,0,7.63,0.03,NaN,NaN,NaN,NaN,NaN,NaN,NaN,NaN,NaN,NaN,6.416,0.023,6.1,0.029,6.005,0.027,6.017,0.101,5.902,0.036,6.023,0.016,5.925,0.046,7.44897,0.000192,0.006,5641,148.924,4.3547,0.0875699,0.2,0.1,1.10074,0.0665176,1,0.129287,DWARF,1.105318,0.02915575,37.4574,0.0462,0,0,250,0.002781194,,,0.00726489,0,0,,0.153495,0.105079,0.057902,0.0751332,0.207773,0.158946,0.0978728,0.077267,0.0292018,0.0291097,0.0461,0.0463,bj2018,174.493,123.356,spect,7.82711,0.001399,6.95739,0.001112,1,,hipvmag,apassdr9,planetcandidate,0.638080215,0.925419683,99.03672123,-27.62342849,0.01917625,0.028738319,1,0,567615109
167526213,100.5968624,-61.22496949,-96.6347,139.32,7.8848,STAR,tmgaia2,20190415,32103,8895-00983-1,144-008015,06422326-6113298,,J064223.10-611328.4,5.47981E+18,29882794,,0.0594758,0.0569583,17.6761,0.031399,9.275,0.028,8.53,0.03,NaN,NaN,NaN,NaN,NaN,NaN,NaN,NaN,NaN,NaN,7.297,0.02,6.997,0.033,6.895,0.023,6.798,0.068,6.856,0.02,6.86,0.016,6.808,0.058,8.35139,0.000582,0.0061,5645,110.907,4.36017,0.0737192,0.24,0.05,1.09383,0.0500503,1,0.122637,DWARF,1.094587,0.02648915,56.4811,0.1009,0,0,113,0.01094508,,,0.018359674,0,0,,0.0945988,0.150676,0.0458744,0.0542261,0.148091,0.164045,0.0713678,0.0760706,0.0273197,0.0256586,0.1007,0.1011,bj2018,119.028,102.785,spect,8.74365,0.001705,7.85005,0.002809,1,,hipvmag,tycho2b3,planetcandidate,1.071580422,0.88334528,100.5959981,-61.22436964,0.030076794,0.029467214,1,0,570006399
53688090,103.3914275,-28.53979332,282.144,-442,5.4153,STAR,tmgaia2,20190415,33094,6534-00866-1,308-014897,06533391-2832228,,,5.60906E+18,,,0.0460551,0.0590008,38.7188,0.0343786,6.742,0.02,6.05,0.03,NaN,NaN,NaN,NaN,NaN,NaN,NaN,NaN,NaN,NaN,4.798,0.05,4.565,0.076,4.334,0.036,NaN,NaN,NaN,NaN,NaN,NaN,NaN,NaN,5.86504,0.00114328,0.0063,5621,134.509,4.03772,0.0818693,0.04,0.1,1.58552,0.085397,1,0.127039,DWARF,2.260959,0.05491735,25.808,0.02305,0,0,330,0.003111283,,,0.004919938,0,0,,0.112969,0.141109,0.0854116,0.0853824,0.0512468,0.0640145,0.0762385,0.0875,0.0485627,0.061272,0.0231,0.023,bj2018,125.125,143.893,spect,6.2348,0.00203,5.37553,0.005348,1,,hipvmag,tycho2b3,planetcandidate,0.736940626,0.915021352,103.3928103,-28.54169638,0.022920509,0.030514668,1,0,574428612
391948057,107.9102411,-76.19171102,74.9027,-74.1361,9.0895,STAR,tmgaia2,20190415,34748,9380-00721-1,070-006274,07113843-7611303,,J071138.66-761130.8,5.21282E+18,34645963,,0.0324218,0.0329842,10.1224,0.017101,10.474,0.088,9.74,0.03,NaN,NaN,NaN,NaN,NaN,NaN,NaN,NaN,NaN,NaN,8.488,0.023,8.202,0.036,8.105,0.026,8.053,0.023,8.113,0.02,8.076,0.018,8.01,0.135,9.55448,0.000228,0.006,5633.9,114.313,4.35444,0.0761718,0.3,0.09,1.10107,0.0505502,1,0.128498,DWARF,1.100417,0.0254673,98.5087,0.1672,0,0,140,0.01534467,,,0.011766181,0,0,,0.097387,0.15961,0.0616538,0.0394467,0.148909,0.166009,0.0677375,0.0846061,0.0250585,0.0258761,0.1669,0.1675,bj2018,83.4507,145.176,spect,9.93847,0.001434,9.04812,0.001967,1,,hipvmag,apassdr9,planetcandidate,0.638780998,0.511551901,107.9115923,-76.19203022,0.016544365,0.017423268,1,0,585016073
54285125,118.425513,-12.26547401,122.404,-55.837,7.2017,STAR,tmgaia2,20190415,,5419-01036-1,389-037309,07534211-1215557,,J075342.21-121556.2,3.03634E+18,,,0.0706432,0.0544085,22.0476,0.0477233,8.522,0.025,7.831,0.002,NaN,NaN,NaN,NaN,NaN,NaN,NaN,NaN,NaN,NaN,6.582,0.019,6.323,0.049,6.173,0.018,6.212,0.093,6.12,0.033,6.208,0.016,6.131,0.051,7.65066,0.000258,0.006,5656.8,103.924,4.27557,0.0715343,-0.02,0.03,1.20573,0.0510051,1,0.130553,DWARF,1.34116,0.0335074,45.2973,0.09865,0,0,402,0.003440871,,,0.000522902,0,0,,0.0957807,0.165326,0.0457191,0.056291,0.119537,0.100907,0.0658604,0.0772081,0.0373145,0.0297003,0.0984,0.0989,bj2018,123.6,84.2483,spect,8.02023,0.00111,7.16268,0.002097,1,,tycho2v3,tycho2b3,planetcandidate,1.101765775,0.843824085,118.4260523,-12.26571442,0.032969938,0.02882093,1,0,615159894
382625142,118.4221638,-63.64732033,-123.632,146.578,7.3449,STAR,tmgaia2,20190415,38558,8915-02808-1,132-011954,07534133-6338502,,J075341.14-633848.7,5.28796E+18,29948870,,0.0650273,0.0727826,28.4445,0.0317328,8.655,0,7.97,0.03,NaN,NaN,NaN,NaN,NaN,NaN,NaN,NaN,NaN,NaN,6.763,0.024,6.42,0.047,6.329,0.027,6.267,0.104,6.167,0.026,6.328,0.015,6.306,0.05,7.7943,0.000214,0.006,5623.44,138.611,4.54257,0.086855,-0.168485,0.00696311,0.886644,0.0503166,1,0.127103,DWARF,0.7082741,0.01692305,35.1205,0.03945,0,0,215,0.004319958,,,0.026653011,0,0,,0.101699,0.152508,0.0421905,0.0584427,0.399537,0.291543,0.094296,0.0794141,0.018475,0.0153711,0.0394,0.0395,bj2018,169.013,108.208,spect,8.16382,0.000772,7.30527,0.00091,1,,hipvmag,apassdr9,planetcandidate,1.186647313,1.128621521,118.4209646,-63.64668924,0.031030585,0.033295109,1,0,615627458
302368715,133.4813161,-66.80099285,-282.828,120.362,7.5109,STAR,tmgaia2,20190415,43686,8939-00306-1,116-019722,08535550-6648034,,,5.27219E+18,31820987,,0.0562554,0.0560976,16.396,0.0314072,8.766,0,8.16,0.03,NaN,NaN,NaN,NaN,NaN,NaN,NaN,NaN,NaN,NaN,6.911,0.023,6.613,0.036,6.5,0.024,NaN,NaN,NaN,NaN,NaN,NaN,NaN,NaN,7.97348,0.000402,0.006,5634.32,140.947,4.14013,0.0850152,0.345223,0.0231159,1.40919,0.0807713,1,0.132406,DWARF,1.803024,0.04639885,60.8831,0.1173,0,0,425,0.007501924,,,0.007133402,0,0,,0.139676,0.125136,0.0662327,0.09531,0.0644353,0.107338,0.0864033,0.0836271,0.0425725,0.0502252,0.1171,0.1175,bj2018,123.056,158.839,spect,8.35973,0.00131,7.47429,0.002619,1,,hipvmag,apassdr9,planetcandidate,1.044849337,0.870070975,133.4782248,-66.80047465,0.028699043,0.031160741,1,0,657617790
47176864,145.5506568,-7.770536218,-174.844,-191.581,7.8792,STAR,tmgaia2,20190415,47588,5474-00028-1,412-048461,09421216-0746137,,J094212.03-074615.8,3.82032E+18,3808828,,0.112108,0.126368,12.6911,0.0678456,9.122,0.029,8.49,0.03,NaN,NaN,NaN,NaN,NaN,NaN,NaN,NaN,NaN,NaN,7.268,0.021,6.923,0.036,6.851,0.018,6.773,0.066,6.789,0.021,6.829,0.017,6.921,0.093,8.32001,0.000381,0.0061,5651.21,104.949,4.06267,0.0685908,-0.410899,0.0423999,1.54063,0.0650126,1,0.121213,DWARF,2.18101,0.0565837,78.6196,0.42255,0,0,52,0.000273681,,,0.002899053,0,0,,0.116091,0.126335,0.067806,0.0622191,0.0466019,0.0553335,0.0605212,0.0766604,0.0671797,0.0459877,0.4203,0.4248,bj2018,94.3424,115.556,spect,8.67897,0.001755,7.8378,0.003234,1,,hipvmag,tycho2b3,planetcandidate,1.742502744,1.959268865,145.549897,-7.771361082,0.053615553,0.04704386,1,0,687150950
308983576,150.9057607,-29.04333767,-236.887,28.1455,7.4832,STAR,tmgaia2,20190415,49285,6629-00572-1,305-062024,10033742-2902360,,,5.46542E+18,12989895,,0.0755434,0.0728507,22.0186,0.04298,8.762,0.049,8.1,0.03,NaN,NaN,NaN,NaN,NaN,NaN,NaN,NaN,NaN,NaN,6.86,0.019,6.569,0.029,6.466,0.026,NaN,NaN,NaN,NaN,NaN,NaN,NaN,NaN,7.93022,0.00034,0.006,5629.6,105.27,4.37708,0.0731473,-0.193607,0.0384111,1.07274,0.04551,1,0.125186,DWARF,1.041346,0.0239789,45.3567,0.0891,0,0,139,0.009357018,,,0.006074924,0,0,,0.0721611,0.17821,0.0369945,0.0540256,0.176106,0.145803,0.0730989,0.0731957,0.0284066,0.0195512,0.0889,0.0893,bj2018,98.7283,111.812,spect,8.29569,0.002008,7.442,0.002348,1,,hipvmag,apassdr9,planetcandidate,1.209949851,1.129860659,150.9045941,-29.04321649,0.030534673,0.039043893,1,0,700063477
26074881,151.1116212,-7.21839657,128.174,-203.099,6.8596,STAR,tmgaia2,20190415,49350,4909-00074-1,414-050422,10042678-0713059,,J100426.87-071308.2,3.77311E+18,3831860,,0.145853,0.159148,31.9531,0.0470429,8.185,0.025,7.49,0.03,NaN,NaN,NaN,NaN,NaN,NaN,NaN,NaN,NaN,NaN,6.242,0.019,5.915,0.026,5.844,0.031,5.765,0.166,5.711,0.048,5.824,0.014,5.731,0.048,7.31135,0.000426,0.006,5652.56,132.937,4.46049,0.0794548,0.075,0.0212132,0.974511,0.0521859,1,0.125065,DWARF,0.8734722,0.02189525,31.2676,0.04635,0,0,48,0.001267457,,,0.007157404,0,0,,0.10601,0.14412,0.0589623,0.0454095,0.273222,0.213408,0.089413,0.0694967,0.0264036,0.0173869,0.0463,0.0464,bj2018,111.193,154.681,spect,7.68549,0.002565,6.82215,0.003581,1,,hipvmag,tycho2b3,planetcandidate,2.266653856,2.469750263,151.1121775,-7.219271025,0.080741195,0.120804485,1,0,701121951
193032655,155.9803081,-29.64552962,-39.0904,99.0762,6.2924,STAR,tmgaia2,20190415,50921,6631-00431-1,302-061910,10235528-2938441,,J102355.24-293842.8,5.46162E+18,,,0.0562845,0.0541442,45.5299,0.0349628,7.595,0.023,6.92,0.03,NaN,NaN,NaN,NaN,NaN,NaN,NaN,NaN,NaN,NaN,5.685,0.023,5.382,0.034,5.245,0.024,5.266,0.194,5.086,0.085,5.28,0.016,5.206,0.033,6.73951,0.000212,0.006,5635,100.929,4.53289,0.0692817,-0.22,0.1,0.896581,0.0383065,1,0.121664,DWARF,0.7302125,0.01694495,21.9496,0.01695,0,0,118,0.000675475,,,0.009531415,0,0,,0.0921492,0.151179,0.0382693,0.0383437,0.261861,0.252848,0.0703768,0.0681865,0.0184475,0.0154424,0.0169,0.017,bj2018,91.5839,110.275,spect,7.11163,0.001327,6.25782,0.002595,1,,hipvmag,tycho2b3,planetcandidate,0.90275295,0.839742719,155.9801144,-29.64510304,0.023750319,0.029193861,1,0,712726760
48974071,163.9748146,-35.11434706,-26.0306,-40.7516,6.71,STAR,tmgaia2,20190415,53437,7207-01758-1,275-058733,10555395-3506514,,J105553.94-350652.1,5.40136E+18,18312712,,0.0674759,0.055214,17.278,0.0357358,8.055,0,7.37,0.03,NaN,NaN,NaN,NaN,NaN,NaN,NaN,NaN,NaN,NaN,6.073,0.024,5.715,0.02,5.632,0.018,5.648,0.143,5.566,0.053,5.69,0.016,5.6,0.035,7.17929,0.000166,0.006,5631,109.372,3.86685,0.0743501,0.22,0.05,1.93022,0.0848268,1,0.129246,DWARF,3.374812,0.0760872,57.7807,0.1202,0,0,145,0.03526482,,,0.002889578,0,0,,0.100983,0.157509,0.0576337,0.11202,0.0247025,0.0297912,0.0647913,0.083909,0.0847957,0.0673787,0.1199,0.1205,bj2018,99.3336,119.41,spect,7.57441,0.001473,6.67524,0.001944,1,,hipvmag,apassdr9,planetcandidate,1.097293628,0.856174772,163.9746776,-35.11452252,0.026310661,0.024748804,1,0,734526842
285931241,171.0515821,-11.04548895,-26.5881,-12.395,9.1475,STAR,tmgaia2,20190415,,5511-00431-1,395-051959,11241236-1102436,,J112412.35-110243.9,3.58967E+18,6092645,,0.0845848,0.0508334,10.2825,0.0579907,10.391,0.073,9.694,0.005,NaN,NaN,NaN,NaN,NaN,NaN,NaN,NaN,NaN,NaN,8.561,0.021,8.216,0.044,8.161,0.021,8.14,0.023,8.191,0.021,8.158,0.021,8.5,0.342,9.58895,0.000298,0.006,5634.4,103.682,4.38193,0.0735976,0,0.09,1.06676,0.0462512,1,0.124432,DWARF,1.033287,0.02838525,96.9841,0.5496,0,0,49,0.09334745,,,0.00282833,0,0,,0.0908982,0.157965,0.0595367,0.0329658,0.106636,0.2233,0.08834,0.0588551,0.038479,0.0182915,0.5465,0.5527,bj2018,115.742,91.6213,spect,9.9464,0.001361,9.10397,0.001241,1,,tycho2v3,tycho2b3,planetcandidate,1.318049721,0.788399308,171.0514655,-11.04554232,0.047909464,0.027552992,1,0,755475118
332834718,180.5565393,-48.72495885,-197.144,-16.6424,8.5587,STAR,tmgaia2,20190415,58691,8233-03142-1,207-059099,12021358-4843296,,J120213.35-484329.9,6.13063E+18,23103517,,0.127477,0.10972,13.3543,0.0876962,9.903,0.036,9.22,0.03,NaN,NaN,NaN,NaN,NaN,NaN,NaN,NaN,NaN,NaN,7.867,0.03,7.516,0.049,7.392,0.023,7.294,0.035,7.367,0.02,7.334,0.017,7.268,0.084,9.03026,0.000117,0.006,5630.74,134.848,4.38378,0.0806884,-0.0501432,0.035173,1.06449,0.0590954,1,0.128719,DWARF,1.026223,0.0280875,74.7262,0.49345,0,0,459,0.004680496,,,0.004649975,0,0,,0.119118,0.138321,0.052809,0.0653819,0.155084,0.223997,0.086895,0.0744819,0.0205839,0.0355911,0.4902,0.4967,bj2018,132.063,137.634,spect,9.41275,0.000428,8.50897,0.000781,1,,hipvmag,tycho2b3,planetcandidate,2.16958083,1.701879183,180.5552526,-48.72503051,0.048508883,0.06440743,1,0,782599101
99143516,183.6754834,-24.77517989,-293.463,-32.1644,6.8359,STAR,tmgaia2,20190415,59707,6672-00100-1,327-063988,12144214-2446306,,J121441.95-244630.9,3.48891E+18,11164026,,0.0717667,0.0664847,33.96,0.0419304,8.194,0.023,7.47,0.03,NaN,NaN,NaN,NaN,NaN,NaN,NaN,NaN,NaN,NaN,6.226,0.018,5.886,0.027,5.827,0.017,5.722,0.142,5.57,0.042,5.735,0.014,5.661,0.037,7.29262,0.000194,0.006,5643.14,106.379,4.50257,0.0718404,0.0864384,0.0280899,0.928432,0.0400352,1,0.121353,DWARF,0.787551,0.01856985,29.4214,0.03655,0,0,75,0.5832359,,,0.00729792,0,0,,0.101166,0.14154,0.0451955,0.0348749,0.220108,0.273497,0.0686669,0.0750138,0.0177314,0.0194083,0.0365,0.0366,bj2018,93.8089,118.949,spect,7.67368,0.001094,6.80035,0.002006,1,,hipvmag,tycho2b3,planetcandidate,1.139475455,1.031230029,183.6740917,-24.77531838,0.036236474,0.038453068,1,0,791275042
429210526,183.9027828,-48.41619825,-301.975,106.535,8.3222,STAR,tmgaia2,20190415,59793,8234-02891-1,208-065030,12153665-4824580,,,6.13026E+18,23135630,,0.0517669,0.0363397,16.3139,0.0371639,9.585,0.029,8.94,0.03,NaN,NaN,NaN,NaN,NaN,NaN,NaN,NaN,NaN,NaN,7.699,0.023,7.363,0.047,7.319,0.021,NaN,NaN,NaN,NaN,NaN,NaN,NaN,NaN,8.76653,0.000188,0.006,5636.7,111.51,4.45412,0.0720849,-0.23,0.05,0.981685,0.044593,1,0.125124,DWARF,0.8764738,0.0208086,61.1893,0.1402,0,0,472,0.05434966,,,0.005511845,0,0,,0.100147,0.150102,0.0461025,0.0430834,0.164651,0.240037,0.0824139,0.0617559,0.0179691,0.0236481,0.1399,0.1405,bj2018,116.863,106.157,spect,9.12549,0.000711,8.27718,0.001001,1,,hipvmag,tycho2b3,planetcandidate,0.880387789,0.563796463,183.9008238,-48.41573957,0.033538909,0.024466246,1,0,791607187
204650599,184.8639125,-26.10737583,59.1832,-100.132,7.7859,STAR,tmgaia2,20190415,60096,6685-00894-1,320-068806,12192733-2606264,,J121927.38-260627.5,3.47653E+18,12701575,,0.0713021,0.0785061,12.5468,0.0563466,9.071,0,8.43,0.03,NaN,NaN,NaN,NaN,NaN,NaN,NaN,NaN,NaN,NaN,7.174,0.026,6.843,0.04,6.777,0.018,6.706,0.068,6.754,0.021,6.763,0.015,6.86,0.074,8.24587,0.000267,0.006,5628,142.33,4.01517,0.0856922,0.29,0.1,1.62723,0.0912061,1,0.129286,DWARF,2.393372,0.0646067,79.5205,0.359,0,0,75,0.001380703,,,0.002760311,0,0,,0.102623,0.155949,0.0928372,0.0895749,0.0510343,0.0599452,0.0899459,0.0814386,0.0512292,0.0779842,0.3574,0.3606,bj2018,76.6147,208.046,spect,8.62392,0.000693,7.74382,0.000866,1,,hipvmag,apassdr9,planetcandidate,1.135156673,1.217693212,184.8641963,-26.10780696,0.038596588,0.045454379,1,0,794412201
286194080,187.4811806,-26.42055446,23.4941,-102.596,8.2587,STAR,tmgaia2,20190415,60973,6690-01107-1,318-069816,12295548-2625141,,J122955.49-262515.1,3.47558E+18,12702221,,0.0687175,0.0424643,17.1549,0.0477092,9.622,0.042,8.9,0.03,NaN,NaN,NaN,NaN,NaN,NaN,NaN,NaN,NaN,NaN,7.673,0.026,7.32,0.055,7.2,0.024,7.095,0.039,7.216,0.019,7.204,0.017,7.057,0.088,8.72009,0.000343,0.006,5633,121.552,4.47759,0.0761075,0.14,0.05,0.955517,0.0463417,1,0.121758,DWARF,0.8281917,0.02102275,58.1947,0.16275,0,0,71,0.000379793,,,0.005257932,0,0,,0.136129,0.107388,0.0367467,0.0559367,0.208116,0.28095,0.0719846,0.0802305,0.0263079,0.0157376,0.1623,0.1632,bj2018,115.561,127.544,spect,9.09814,0.001046,8.21515,0.001274,1,,hipvmag,tycho2b3,planetcandidate,1.094785357,0.658776234,187.4812935,-26.42099619,0.039468627,0.027627814,1,0,802312020
82154079,197.6844326,-0.695159698,-129.884,25.7587,9.0018,STAR,tmgaia2,20190415,,4958-00486-1,447-054680,13104427-0041426,,J131044.17-004142.3,3.68591E+18,1529573,,0.0914186,0.0523344,10.7149,0.0520994,10.293,0.058,9.612,0.004,NaN,NaN,NaN,NaN,NaN,NaN,NaN,NaN,NaN,NaN,8.425,0.026,8.14,0.04,8.073,0.026,7.974,0.023,8.04,0.021,8.011,0.02,7.897,0.237,9.43914,0.000406,0.006,5640.41,129.469,4.35995,0.0804969,0.027,0.083,1.09411,0.0579196,1,0.126008,DWARF,1.091585,0.0277351,93.0801,0.4548,0,0,48,0.02935309,,,0.002874312,0,0,,0.115665,0.136352,0.0613136,0.0545256,0.153594,0.190486,0.0721345,0.0888593,0.0289897,0.0264805,0.4526,0.457,bj2018,121.439,137.498,spect,9.7918,0.001443,8.95765,0.001,1,,tycho2v3,tycho2b3,planetcandidate,1.417703198,0.811718361,197.6838733,-0.695048792,0.044188731,0.029470561,1,0,835164686
30293512,198.0132638,-37.80302202,-381.634,46.0911,4.2122,STAR,tmgaia2,20190415,64408,7774-01925-1,261-065378,13120320-3748110,,,6.14174E+18,,,0.383895,0.355741,49.2738,0.219456,5.538,0.02,4.85,0.03,NaN,NaN,NaN,NaN,NaN,NaN,NaN,NaN,NaN,NaN,3.692,0.252,3.346,0.206,3.303,0.256,NaN,NaN,NaN,NaN,NaN,NaN,NaN,NaN,4.66174,0.00461796,0.0076,5641,145.395,3.77259,0.0844499,0.15,0.1,2.15148,0.12451,1,0.124843,DWARF,4.222737,0.110569,20.2836,0.091,0,0,193,0.000363172,,,0.002702985,0,0,,0.0927429,0.156944,0.0951181,0.153902,0.0158973,0.0325934,0.108997,0.0599028,0.104107,0.117031,0.0906,0.0914,bj2018,96.6661,194.123,spect,5.0448,0.003764,4.18601,0.005598,1,,hipvmag,tycho2b3,planetcandidate,6.292736121,5.516724108,198.0111842,-37.80282359,0.201053433,0.173806756,1,0,836859970
418383992,200.7502985,-81.31011434,-360.509,-148.448,7.2606,STAR,tmgaia2,20190415,65302,9438-00718-1,044-010726,13230009-8118364,,,5.78351E+18,35145476,,0.0508572,0.0453245,28.8137,0.0272191,8.555,0.023,7.88,0.03,NaN,NaN,NaN,NaN,NaN,NaN,NaN,NaN,NaN,NaN,6.686,0.018,6.363,0.021,6.281,0.018,NaN,NaN,NaN,NaN,NaN,NaN,NaN,NaN,7.70555,0.000283,0.006,5648.27,139.372,4.52711,0.0835619,-0.175,0.00707107,0.902562,0.0502714,1,0.126759,DWARF,0.7469822,0.0179027,34.6709,0.033,0,0,280,0.003864229,,,0.011045261,0,0,,0.124825,0.128692,0.0461985,0.0543442,0.240794,0.397361,0.101494,0.0656299,0.0202996,0.0155058,0.033,0.033,bj2018,159.108,119.635,spect,8.07217,0.001592,7.22265,0.002026,1,,hipvmag,tycho2b3,planetcandidate,1.039385051,0.70293225,200.740025,-81.31075363,0.025345852,0.023784423,1,0,847186737
115070119,202.0995397,-5.241146739,-77.0689,4.7374,9.0769,STAR,tmgaia2,20190415,,4965-00504-1,424-058062,13282389-0514280,,J132823.83-051428.0,3.63211E+18,3949380,,0.120497,0.0995649,10.5731,0.0723272,10.414,0.067,9.667,0.005,NaN,NaN,NaN,NaN,NaN,NaN,NaN,NaN,NaN,NaN,8.418,0.02,8.114,0.046,7.971,0.027,7.919,0.024,7.968,0.02,7.933,0.019,7.878,0.168,9.53172,0.000431,0.006,5633.92,225.769,4.383,0.115325,-0.013,0.198,1.06545,0.0946933,1,0.134358,DWARF,1.030398,0.03257465,94.3293,0.64845,0,0,44,0.006450092,,,0,0,0,,0.0981479,0.170569,0.0744407,0.114946,0.219309,0.341173,0.0914842,0.139166,0.035346,0.0298033,0.6441,0.6528,bj2018,262.613,188.925,spect,9.9013,0.001974,9.03165,0.001075,1,,tycho2v3,tycho2b3,planetcandidate,1.870623906,1.543948882,202.0992065,-5.241126342,0.060083096,0.046251726,1,0,852817252
207936641,207.5679465,-57.26197896,-296.841,-320.664,7.6983,STAR,tmgaia2,20190415,67534,8672-00855-1,164-114288,13501633-5715429,,,5.87182E+18,28638619,,0.0610246,0.0702786,13.7801,0.0409831,9.025,0,8.34,0.03,NaN,NaN,NaN,NaN,NaN,NaN,NaN,NaN,NaN,NaN,7.092,0.023,6.805,0.031,6.692,0.023,NaN,NaN,NaN,NaN,NaN,NaN,NaN,NaN,8.15943,0.000273,0.006,5635.49,136.585,4.06417,0.0789413,0.322308,0.049923,1.53797,0.0861105,1,0.119761,DWARF,2.149389,0.05439545,72.4175,0.21655,0,0,3363,0.0245481,,,0.000344132,0,0,,0.123731,0.115792,0.0984558,0.0737653,0.0510143,0.0755289,0.062076,0.0958066,0.0646343,0.0441566,0.2159,0.2172,bj2018,113.852,159.318,spect,8.53998,0.000659,7.65754,0.000984,1,,hipvmag,apassdr9,planetcandidate,1.077860844,1.089666339,207.5655832,-57.26335961,0.02083066,0.027538531,1,0,872072826
299045321,207.7015054,-62.90520727,-168.189,-231.773,8.2332,STAR,tmgaia2,20190415,67572,9008-02812-1,136-103010,13504835-6254188,,J135048.11-625421.1,5.8647E+18,30972416,,0.0322927,0.0418882,17.1639,0.0275456,9.436,0,8.85,0.03,NaN,NaN,NaN,NaN,NaN,NaN,NaN,NaN,NaN,NaN,7.606,0.027,7.299,0.033,7.2,0.031,6.921,0.046,7.21,0.02,7.258,0.025,7.831,0.27,8.6773,0.000166,0.006,5623,124.769,4.45745,0.0779838,-0.19,0.05,0.977933,0.0488191,1,0.127991,DWARF,0.8613617,0.02122345,58.1638,0.0939,0,0,2672,0.07006504,,,0.000605438,0,0,,0.0945646,0.161418,0.0421126,0.0555256,0.182752,0.28516,0.0565012,0.0994663,0.0246375,0.0178094,0.0938,0.094,bj2018,91.4643,158.074,spect,9.03628,0.000497,8.18845,0.000744,1,,hipvmag,apassdr9,planetcandidate,0.587040449,0.649600458,207.6999154,-62.90620519,0.018483666,0.020808358,1,0,872256298
333459486,216.8873826,-51.93308542,-305.2,40.3368,7.2231,STAR,tmgaia2,20190415,70695,8290-00510-1,191-092870,14273298-5155591,,,5.89864E+18,24826428,,0.0982949,0.0784543,26.5312,0.0465021,8.53,0.024,7.85,0.03,NaN,NaN,NaN,NaN,NaN,NaN,NaN,NaN,NaN,NaN,6.634,0.021,6.287,0.033,6.215,0.023,NaN,NaN,NaN,NaN,NaN,NaN,NaN,NaN,7.66978,0.000375,0.006,5644.33,100.081,4.43958,0.0691938,-0.0910526,0.00688247,0.99826,0.0405704,1,0.122269,DWARF,0.911238,0.0214623,37.6506,0.0664,0,0,1462,0.009674846,,,0.000702179,0,0,,0.105382,0.139157,0.0472699,0.0338709,0.178932,0.206373,0.0736677,0.06472,0.0249472,0.0179774,0.0663,0.0665,bj2018,77.3629,122.799,spect,8.03542,0.000953,7.18246,0.001726,1,,hipvmag,tycho2b3,planetcandidate,1.695089496,1.216542621,216.8852514,-51.93291177,0.038839171,0.034909212,1,0,905791929
258186667,221.5127706,-68.7627435,-197.786,-57.2609,8.1495,STAR,tmgaia2,20190415,72203,9257-01048-1,107-084783,14460307-6845459,,J144602.68-684546.4,5.80001E+18,32100208,,0.0416286,0.060395,14.7995,0.0350284,9.508,0,8.8,0.03,NaN,NaN,NaN,NaN,NaN,NaN,NaN,NaN,NaN,NaN,7.531,0.023,7.243,0.027,7.167,0.026,7.096,0.045,7.151,0.02,7.14,0.017,7.212,0.108,8.6178,0.000189,0.006,5635.2,111.533,4.3093,0.0749782,0.37,0.03,1.1598,0.0530453,1,0.120338,DWARF,1.222073,0.03032675,67.4386,0.1605,0,0,1831,0.08916603,,,0.00049132,0,0,,0.126637,0.114038,0.0571106,0.0489799,0.119268,0.143214,0.0697928,0.0801636,0.0311595,0.029494,0.1601,0.1609,bj2018,80.3861,142.679,spect,9.00653,0.001032,8.10944,0.001202,1,,hipvmag,apassdr9,planetcandidate,0.782186023,0.936641934,221.5104196,-68.76299006,0.02350747,0.031189371,1,0,925279270
454736241,227.0633121,-59.9546127,-191.075,-177.837,8.1619,STAR,tmgaia2,20190415,74075,8706-00914-1,151-156168,15081520-5957165,,J150814.92-595718.3,5.87652E+18,28935744,,0.0417186,0.0514203,19.2791,0.0317703,9.462,0.032,8.78,0.03,NaN,NaN,NaN,NaN,NaN,NaN,NaN,NaN,NaN,NaN,7.544,0.024,7.204,0.034,7.136,0.02,7.029,0.047,7.107,0.02,7.091,0.019,6.923,0.094,8.60632,0.000161,0.006,5655.23,105.675,4.54097,0.0708843,-0.45,0.05,0.888282,0.0374472,1,0.122102,DWARF,0.7271054,0.01699475,51.792,0.08585,0,0,4402,0.363026,,,0.000622204,0,0,,0.107632,0.136573,0.0343085,0.0405859,0.275268,0.283285,0.076192,0.0655765,0.0143106,0.0196789,0.0857,0.086,bj2018,97.189,114.161,spect,8.96419,0.000546,8.11569,0.000839,1,,hipvmag,tycho2b3,planetcandidate,0.74701309,0.797329623,227.061669,-59.95537839,0.027524128,0.02240926,1,0,949424587
262457542,228.8126845,-70.51962332,-177.748,-164.774,6.2133,STAR,tmgaia2,20190415,74653,9263-03087-1,098-072857,15151504-7031105,,J151514.69-703112.3,5.79896E+18,34225927,,0.0353552,0.0424214,37.2972,0.0282943,7.608,0.021,6.86,0.03,NaN,NaN,NaN,NaN,NaN,NaN,NaN,NaN,NaN,NaN,5.591,0.023,5.275,0.033,5.177,0.026,5.216,0.174,5.088,0.064,5.224,0.015,5.17,0.034,6.67835,0.000207,0.006,5624.92,112.211,4.33219,0.0732647,0.268711,0.0142475,1.12963,0.0511181,1,0.13102,DWARF,1.150892,0.0268802,26.7909,0.02045,0,0,1254,0.0378533,,,0.007628093,0,0,,0.11562,0.14642,0.0471754,0.0550608,0.140813,0.132362,0.0833652,0.0631641,0.0264291,0.0273313,0.0205,0.0204,bj2018,99.0343,125.388,spect,7.07248,0.001414,6.18198,0.00253,1,,hipvmag,tycho2b3,planetcandidate,0.671466111,0.657882399,228.8103897,-70.52033278,0.021176681,0.021478235,1,0,957336520
74040874,243.5669209,-3.473594521,-8.91609,-91.8494,7.334,STAR,tmgaia2,20190415,79585,5037-00831-1,433-065451,16141605-0328247,,J161416.05-032825.8,4.35705E+18,894927,,0.137596,0.0703375,18.1155,0.0865244,8.629,0,7.97,0.03,NaN,NaN,NaN,NaN,NaN,NaN,NaN,NaN,NaN,NaN,6.719,0.021,6.453,0.034,6.32,0.024,6.384,0.085,6.311,0.025,6.371,0.015,6.341,0.058,7.79482,0.00027,0.006,5632,138.046,4.15439,0.0817586,0.31,0.1,1.38624,0.0760477,1,0.130096,DWARF,1.741898,0.0455583,55.1157,0.26485,0,0,139,0.000332622,,,0.003856504,0,0,,0.111466,0.148726,0.0592508,0.0928447,0.0650423,0.10647,0.0963772,0.06714,0.0497494,0.0413672,0.2636,0.2661,bj2018,157.284,118.808,spect,8.17574,0.001641,7.29404,0.001586,1,,hipvmag,apassdr9,planetcandidate,2.134821956,1.090706475,243.5668825,-3.473989984,0.068632022,0.032193738,1,0,1046772538
50090322,245.2843004,-19.9450274,-136.292,-226.757,8.0754,STAR,tmgaia2,20190415,80109,6210-00029-1,351-080109,16210823-1956419,,J162108.13-195644.3,6.24509E+18,8852805,,0.133228,0.0893188,20.0409,0.0766549,9.446,0.034,8.72,0.03,NaN,NaN,NaN,NaN,NaN,NaN,NaN,NaN,NaN,NaN,7.442,0.026,7.095,0.04,7.013,0.023,7.003,0.051,7.034,0.02,7.018,0.017,6.884,0.092,8.53925,0.000192,0.006,5639.77,109.165,4.54257,0.0709812,-0.05,0.05,0.886638,0.039603,1,0.118418,DWARF,0.7165276,0.01751305,49.8272,0.19175,0,0,166,0.000742575,,,0,0,0,,0.0777582,0.159077,0.0446276,0.0345784,0.213891,0.337413,0.0625932,0.0793692,0.0146547,0.0203714,0.191,0.1925,bj2018,118.944,99.3869,spect,8.91779,0.000635,8.02983,0.00068,1,,hipvmag,tycho2b3,planetcandidate,2.097824057,1.38478674,245.2836762,-19.94600372,0.068158632,0.030924502,1,0,1059611869
175860856,247.2458352,-24.53798925,-76.8764,-195.971,6.9362,STAR,tmgaia2,20190415,80736,6799-00929-1,328-084406,16285900-2432166,,J162858.94-243218.8,6.04909E+18,11504228,,0.118504,0.0808839,15.6278,0.0593703,8.316,0.024,7.57,0.03,NaN,NaN,NaN,NaN,NaN,NaN,NaN,NaN,NaN,NaN,6.325,0.026,6.01,0.031,5.925,0.024,5.976,0.112,5.908,0.044,5.969,0.016,5.826,0.044,7.39276,0.000228,0.006,5646.08,106.892,3.87023,0.0677728,0.22,0.06,1.92272,0.0837437,1,0.117,DWARF,3.384676,0.07892085,63.872,0.24405,0,0,225,0.002408023,,,0,0,0,,0.0877431,0.146257,0.0913663,0.0761211,0.0228955,0.030466,0.0750137,0.0605318,0.085877,0.0719647,0.2431,0.245,bj2018,110.156,103.627,spect,7.77296,0.001551,6.8999,0.0019,1,,hipvmag,tycho2b3,planetcandidate,1.880581385,1.254144431,247.2454713,-24.53883302,0.056012347,0.033368175,1,0,1075015305
152816026,249.2023193,-6.29430285,-22.9615,-1.8495,7.22,STAR,tmgaia2,20190415,81347,5060-00779-1,419-065643,16364856-0617395,,J163648.54-061739.4,4.35158E+18,4142249,,0.0827497,0.049147,17.872,0.0453954,8.587,0.025,7.85,0.03,NaN,NaN,NaN,NaN,NaN,NaN,NaN,NaN,NaN,NaN,6.639,0.023,6.346,0.036,6.235,0.023,6.263,0.091,6.201,0.028,6.253,0.015,6.205,0.057,7.67731,0.000208,0.006,5649,134.732,4.10172,0.0783725,0.34,0.1,1.47291,0.0786306,1,0.121369,DWARF,1.990356,0.04999275,55.8634,0.1427,0,0,214,0.002497346,,,0.003581588,0,0,,0.121361,0.121377,0.0771573,0.080104,0.0598733,0.0798458,0.0739611,0.0827839,0.0624705,0.037515,0.1424,0.143,bj2018,108.798,160.665,spect,8.05545,0.00071,7.18076,0.000821,1,,hipvmag,tycho2b3,planetcandidate,1.285143427,0.762139621,249.2022198,-6.294310813,0.038796527,0.023458877,1,0,1091358638
171168963,260.0006799,-8.023156087,-26.088,-218.471,7.3052,STAR,tmgaia2,20190415,84803,5645-00387-1,410-070225,17200014-0801231,,J172000.12-080125.5,4.36007E+18,4212308,,0.26119,0.229302,15.4229,0.134432,8.583,0.029,7.93,0.03,NaN,NaN,NaN,NaN,NaN,NaN,NaN,NaN,NaN,NaN,6.681,0.023,6.317,0.034,6.249,0.023,6.248,0.085,6.182,0.026,6.259,0.015,6.254,0.064,7.7531,0.000342,0.006,5620.05,138.697,3.994,0.0862174,-0.409692,0.0347297,1.66738,0.0956834,1,0.127464,DWARF,2.498758,0.07675035,64.7265,0.56755,0,0,534,0.006585558,,,0.002915445,0,0,,0.099398,0.15553,0.0812317,0.110135,0.0402208,0.0657924,0.0901869,0.0822478,0.0679396,0.0855611,0.5627,0.5724,bj2018,141.099,136.294,spect,8.12207,0.002688,7.26656,0.002023,1,,hipvmag,tycho2b3,planetcandidate,4.060601726,3.556292981,260.0005665,-8.024096726,0.1339826,0.122544631,1,0,1222647126
96834078,265.2091886,-49.95825018,116.915,-184.992,6.6663,STAR,tmgaia2,20190415,86516,8351-01108-1,201-164527,17405020-4957296,,J174050.32-495731.5,5.94657E+18,24169139,,0.15665,0.167148,14.3835,0.0811178,7.986,0.024,7.3,0.03,NaN,NaN,NaN,NaN,NaN,NaN,NaN,NaN,NaN,NaN,6.031,0.023,5.694,0.024,5.62,0.016,5.576,0.155,5.48,0.059,5.616,0.015,5.537,0.038,7.12037,0.000258,0.006,5654.13,101.414,3.69219,0.0762733,-0.23,0.03,2.36013,0.10044,1,0.13023,DWARF,5.128977,0.1347905,69.3888,0.39355,0,0,2184,0.03583405,,,0.002017125,0,0,,0.125889,0.13457,0.0958015,0.105078,0.0167386,0.0145163,0.0721605,0.0803861,0.136751,0.13283,0.3914,0.3957,bj2018,104.179,98.6494,spect,7.49497,0.001881,6.62699,0.002109,1,,hipvmag,tycho2b3,planetcandidate,2.679438946,2.592687332,265.209971,-49.95904667,0.065479851,0.099065889,1,0,1304499064
57842355,274.9703352,-38.33353989,-16.3545,-98.3119,9.1986,STAR,tmgaia2,20190415,,7900-01903-1,259-163248,18195287-3820006,,J181952.86-382001.7,6.72751E+18,19262795,,0.116894,0.0887905,11.1619,0.0680898,10.572,0.08,9.809,0.006,NaN,NaN,NaN,NaN,NaN,NaN,NaN,NaN,NaN,NaN,8.582,0.026,8.287,0.02,8.218,0.023,8.164,0.022,8.21,0.02,8.208,0.026,8.292,0.378,9.64521,0.000608,0.0061,5639.23,141.343,4.47739,0.081481,0.0661158,0.0408077,0.955737,0.0548743,1,0.125476,DWARF,0.8322445,0.02445375,89.365,0.5479,0,0,2870,0.1399245,,,0.00322564,0,0,,0.0940652,0.156886,0.0568296,0.0529191,0.270962,0.252275,0.101116,0.061846,0.0244914,0.0244161,0.5446,0.5512,bj2018,127.57,155.116,spect,10.0103,0.002408,9.15748,0.003654,1,,tycho2v3,tycho2b3,planetcandidate,1.919084414,1.377385295,274.9702454,-38.33396317,0.058566092,0.055844601,1,0,1481802973
151654299,279.3034983,-25.67126751,171.009,-281.906,6.8022,STAR,tmgaia2,20190415,91287,6862-00964-1,322-186397,18371283-2540163,,,4.07601E+18,13742150,,0.0895928,0.0835867,33.1073,0.0484268,8.118,0.025,7.43,0.03,NaN,NaN,NaN,NaN,NaN,NaN,NaN,NaN,NaN,NaN,6.194,0.019,5.971,0.033,5.816,0.02,NaN,NaN,NaN,NaN,NaN,NaN,NaN,NaN,7.25063,0.000343,0.006,5654.19,95.6911,4.4675,0.0697241,-0.0494737,0.00688247,0.966682,0.0383819,1,0.123566,DWARF,0.860485,0.0199759,30.1785,0.0444,0,0,5003,0.01659232,,,0,0,0,,0.0918196,0.155313,0.0355563,0.0412075,0.157284,0.25994,0.0624714,0.0769767,0.0166134,0.0233384,0.0443,0.0445,bj2018,79.4233,111.959,spect,7.62631,0.0022,6.7698,0.003029,1,,hipvmag,tycho2b3,planetcandidate,1.425047968,1.296425372,279.3043153,-25.67248127,0.046697974,0.04642543,1,0,1559173470
1544160,279.7225063,-21.05187264,-75.1283,-153.645,5.2424,STAR,tmgaia2,20190415,91438,6279-01723-1,345-161971,18385342-2103065,,J183853.33-210308.3,4.07968E+18,,,0.16341,0.150265,76.6355,0.108179,6.519,0.022,5.85,0.03,NaN,NaN,NaN,NaN,NaN,NaN,NaN,NaN,NaN,NaN,4.789,0.194,4.309,0.198,4.227,0.024,4.221,0.224,4.025,0.066,4.229,0.015,4.2,0.027,5.67861,0.00236431,0.0065,5636,102.28,4.56128,0.0718252,-0.24,0.1,0.867753,0.0366985,1,0.123525,DWARF,0.684496,0.01552295,13.0439,0.01855,0,0,4497,0.01338881,,,0,0,0,,0.0916486,0.155402,0.0339261,0.0394709,0.266304,0.330519,0.0764953,0.0671551,0.0109995,0.0200464,0.0185,0.0186,bj2018,97.1035,107.456,spect,6.04569,0.005688,5.21385,0.006028,1,,hipvmag,tycho2b3,planetcandidate,2.577364128,2.330464078,279.7221597,-21.05253417,0.077141341,0.079505175,1,0,1565302021
390814862,280.9098601,-45.82400282,-32.7818,-79.2263,8.4221,STAR,tmgaia2,20190415,91857,8360-02234-1,221-172355,18433836-4549263,,J184338.33-454927.1,6.70581E+18,24359012,,0.0692681,0.0640247,17.3052,0.0405474,9.724,0,9.05,0.03,NaN,NaN,NaN,NaN,NaN,NaN,NaN,NaN,NaN,NaN,7.835,0.024,7.512,0.031,7.439,0.031,7.367,0.033,7.416,0.02,7.403,0.018,7.211,0.104,8.8702,0.000284,0.006,5645,117.43,4.5493,0.0750841,-0.15,0.05,0.879804,0.0419699,1,0.125695,DWARF,0.7081456,0.01665205,57.6901,0.13595,0,0,712,0.02273515,,,0.005606501,0,0,,0.108316,0.143074,0.0391075,0.0448322,0.228492,0.380687,0.0557291,0.0944392,0.0166491,0.016655,0.1356,0.1363,bj2018,87.9177,146.942,spect,9.23858,0.002781,8.38262,0.002249,1,,hipvmag,apassdr9,planetcandidate,1.166261151,0.993137177,280.9096576,-45.82434393,0.03867197,0.038700526,1,0,1583916668
467966544,285.0034773,-69.9442418,-7.04446,-191.511,7.3506,STAR,tmgaia2,20190415,93281,9296-00423-1,101-100244,19000083-6956393,,J190000.79-695641.2,6.42112E+18,33439332,,0.0411554,0.0487323,14.0386,0.0331527,8.731,0,8.01,0.03,NaN,NaN,NaN,NaN,NaN,NaN,NaN,NaN,NaN,NaN,6.713,0.019,6.381,0.018,6.288,0.018,6.311,0.132,6.24,0.027,6.298,0.015,6.274,0.111,7.82424,0.000222,0.006,5635,141.044,3.94606,0.0842507,0.28,0.02,1.76199,0.100804,1,0.128787,DWARF,2.820174,0.07314405,71.0863,0.16875,0,0,260,0.001831495,,,0.003231241,0,0,,0.0923141,0.16526,0.0741533,0.127455,0.0337881,0.0534264,0.0607895,0.107712,0.0709693,0.0753188,0.1684,0.1691,bj2018,167.325,114.764,spect,8.21862,0.000805,7.31043,0.001084,1,,hipvmag,apassdr9,planetcandidate,0.7786809,0.755751299,285.0033888,-69.94506636,0.017619084,0.024605307,1,0,1635779506
254147274,286.7186013,-37.81065911,-187.641,-367.029,5.5252,STAR,tmgaia2,20190415,93858,7917-00565-1,261-185419,19065247-3748380,,,6.71889E+18,19429574,,0.122786,0.0824229,59.0802,0.066729,6.856,0.021,6.15,0.03,NaN,NaN,NaN,NaN,NaN,NaN,NaN,NaN,NaN,NaN,5.256,0.264,4.742,0.22,4.539,0.018,NaN,NaN,NaN,NaN,NaN,NaN,NaN,NaN,5.9739,0.000932394,0.0061,5625.03,145.931,4.44973,0.0858649,0.0812341,0.00669017,0.986664,0.0567638,1,0.129638,DWARF,0.8780776,0.0218091,16.9179,0.0192,0,0,429,0.000987862,,,0.007965978,0,0,,0.104451,0.154825,0.0479246,0.065603,0.197083,0.309607,0.0647318,0.106998,0.0178286,0.0257896,0.0192,0.0192,bj2018,138.983,152.879,spect,6.34057,0.002191,5.48342,0.002639,1,,hipvmag,tycho2b3,planetcandidate,2.01268429,1.278697108,286.7175787,-37.81223938,0.062505436,0.054033733,1,0,1650026068
48917782,287.7909527,-2.638385311,-134.422,-89.4244,7.3186,STAR,tmgaia2,20190415,94256,5133-00750-1,437-089442,19110984-0238181,,J191109.73-023819.2,4.26127E+18,949484,,0.125075,0.104097,14.3167,0.0808722,8.597,0,7.95,0.03,NaN,NaN,NaN,NaN,NaN,NaN,NaN,NaN,NaN,NaN,6.734,0.021,6.402,0.031,6.311,0.026,6.301,0.059,6.27,0.023,6.34,0.017,6.311,0.061,7.77454,0.000316,0.006,5646,101.307,3.94693,0.0718217,0.23,0.1,1.76022,0.072593,1,0.124935,DWARF,2.836574,0.07437295,69.7116,0.396,0,0,2295,0.04061623,,,0.000271395,0,0,,0.122872,0.126997,0.0632729,0.0819131,0.0427654,0.0289398,0.0820685,0.0615749,0.0755366,0.0732093,0.3938,0.3982,bj2018,87.3898,115.225,spect,8.15049,0.001898,7.27875,0.001334,1,,hipvmag,apassdr9,planetcandidate,1.940467806,1.614707292,287.7903733,-2.638770333,0.070776649,0.062338545,1,0,1656627510
69402805,296.8254249,-18.74666085,-67.5191,-111.812,6.9739,STAR,tmgaia2,20190415,97358,6316-01591-1,357-188454,19471810-1844478,,J194718.05-184449.1,6.86904E+18,,,0.0833622,0.0783276,32.804,0.0445016,8.297,0.023,7.6,0.03,NaN,NaN,NaN,NaN,NaN,NaN,NaN,NaN,NaN,NaN,6.34,0.019,6.043,0.049,5.935,0.016,5.977,0.106,5.912,0.04,5.989,0.015,5.968,0.048,7.42555,0.000394,0.0061,5622.86,104.495,4.51863,0.0732132,-0.03,0.07,0.911422,0.0390326,1,0.125938,DWARF,0.7481054,0.0177926,30.4573,0.0416,0,0,422,0.0356926,,,0,0,0,,0.10465,0.147225,0.0360477,0.0420176,0.197851,0.323745,0.0487838,0.0976425,0.0163077,0.0192775,0.0416,0.0416,bj2018,91.019,117.972,spect,7.80247,0.002504,6.93932,0.004647,1,,hipvmag,tycho2b3,planetcandidate,1.310226592,1.21454201,296.825118,-18.74714226,0.040493902,0.033576614,1,0,1689278572
352316369,300.4668709,-69.18794295,224.021,-137.139,7.4882,STAR,tmgaia2,20190415,98621,9307-02130-1,105-112720,20015206-6911167,,J200152.49-691118.0,6.42351E+18,33448923,,0.0403513,0.0506922,24.3624,0.0332085,8.793,0.022,8.12,0.03,NaN,NaN,NaN,NaN,NaN,NaN,NaN,NaN,NaN,NaN,6.885,0.02,6.556,0.021,6.525,0.02,6.45,0.095,6.425,0.023,6.473,0.017,6.37,0.07,7.93758,0.000273,0.006,5625.36,148.694,4.46647,0.0817687,-0.125,0.00707107,0.967831,0.0574071,1,0.125272,DWARF,0.8450754,0.02056705,40.9981,0.05625,0,0,153,0.000223892,,,0.007742265,0,0,,0.0964096,0.154135,0.0645714,0.0502427,0.181749,0.329552,0.0597134,0.103824,0.0205273,0.0206068,0.0561,0.0564,bj2018,133.015,164.373,spect,8.3061,0.001016,7.4477,0.001379,1,,hipvmag,tycho2b3,planetcandidate,0.760017173,0.786236505,300.4695856,-69.18853343,0.019011838,0.028242225,1,0,1695782747
48777312,301.8319576,-35.53863294,-26.6219,-206.859,7.1278,STAR,tmgaia2,20190415,99115,7449-01245-1,273-201311,20071966-3532189,,J200719.65-353221.3,6.69776E+18,19523751,,0.0794324,0.0530059,18.3287,0.0494604,8.539,0.026,7.78,0.03,NaN,NaN,NaN,NaN,NaN,NaN,NaN,NaN,NaN,NaN,6.546,0.024,6.251,0.023,6.161,0.038,6.144,0.106,6.052,0.042,6.139,0.017,6.084,0.052,7.5942,0.000248,0.006,5636.81,141.361,4.0862,0.0869252,0.21832,0.008,1.49946,0.085686,1,0.125528,DWARF,2.04501,0.0508093,54.4738,0.14785,0,0,223,0.0009323,,,0.003546292,0,0,,0.117698,0.133359,0.0793106,0.0920613,0.065574,0.0796927,0.0806173,0.0932331,0.0578465,0.0437721,0.1475,0.1482,bj2018,137.318,145.405,spect,7.98425,0.00318,7.0911,0.002031,1,,hipvmag,tycho2b3,planetcandidate,1.293471275,0.822086366,301.8318167,-35.53952358,0.038940222,0.028521619,1,0,1697745450
269587971,301.9038155,-41.01932926,-39.2739,-279.063,8.2249,STAR,tmgaia2,20190415,99139,7951-01397-1,245-183831,20073692-4101098,,J200736.88-410112.5,6.68667E+18,21960166,,0.0765184,0.0527308,15.4416,0.0467761,9.846,0.523,8.83,0.03,NaN,NaN,NaN,NaN,NaN,NaN,NaN,NaN,NaN,NaN,7.602,0.024,7.311,0.033,7.179,0.027,7.155,0.037,7.223,0.019,7.205,0.016,7.22,0.14,8.66297,0.000475,0.006,5632.74,147.398,4.36343,0.0857062,-0.37,0.05,1.08973,0.0651709,1,0.125391,DWARF,1.076994,0.027607,64.6399,0.1969,0,0,170,0.005498253,,,0.004347151,0,0,,0.167168,0.0836137,0.0651317,0.0652101,0.156038,0.218445,0.111251,0.0601614,0.0289369,0.0262771,0.1963,0.1975,bj2018,133.565,161.232,spect,9.02026,0.001727,8.1846,0.001808,1,,hipvmag,apassdr9,planetcandidate,1.266820738,0.817818087,301.9035914,-41.02053078,0.036069133,0.028325698,1,0,1697813642
205591703,308.0987287,-9.853385166,309.542,110.075,5.0345,STAR,tmgaia2,20190415,101345,5758-02542-1,401-124579,20322369-0951120,,,6.9047E+18,4822666,,0.16072,0.105928,40.3821,0.0924468,6.349,0.02,5.66763,0.023,NaN,NaN,NaN,NaN,NaN,NaN,NaN,NaN,NaN,NaN,4.309,0.282,3.908,0.248,3.999,0.036,NaN,NaN,NaN,NaN,NaN,NaN,NaN,NaN,5.48955,0.00182073,0.0063,5631,100.95,3.92752,0.0682686,0.04,0.1,1.80001,0.0759221,1,0.121334,DWARF,2.934854,0.07078965,24.7459,0.05705,0,0,216,0.000436697,,,0.003266795,0,0,,0.13573,0.106937,0.0748211,0.0770231,0.0282748,0.0351121,0.0642562,0.0722811,0.0718835,0.0696958,0.0569,0.0572,bj2018,110.208,91.6923,spect,5.85783,0.001978,4.98781,0.003653,1,,sirful,tycho2b3,planetcandidate,2.501591332,1.64293774,308.1000814,-9.852911235,0.077288642,0.058833215,1,0,1705016860
35592773,316.6250165,-7.88315802,53.8616,-15.1404,9.345,STAR,tmgaia2,20190415,,5771-00035-1,411-131908,21063000-0752594,,J210630.04-075259.5,6.90914E+18,4879472,,0.246652,0.187487,10.3534,0.178941,10.687,0.075,10.085,0.005,NaN,NaN,NaN,NaN,NaN,NaN,NaN,NaN,NaN,NaN,8.636,0.037,8.284,0.036,8.189,0.038,8.144,0.023,8.197,0.019,8.135,0.022,7.813,0.187,9.82843,0.000418,0.006,5644.75,139.3,4.48682,0.0858155,0.042,0.091,0.945415,0.0567638,1,0.126162,DWARF,0.8175586,0.03441825,96.3708,1.67525,0,0,145,0.00093476,,,0.003020341,0,0,,0.0739254,0.178398,0.0514678,0.0620598,0.30647,0.269364,0.102954,0.068677,0.0327669,0.0360696,1.6467,1.7038,bj2018,141.953,136.647,spect,10.2241,0.000796,9.29572,0.001042,1,,tycho2v3,tycho2b3,planetcandidate,3.834875423,2.908654741,316.6252506,-7.883223208,0.144007818,0.123103689,1,0,1711733068
248570964,319.2588843,-1.077428547,160.789,-23.9948,7.4331,STAR,tmgaia2,20190415,105066,5194-00721-1,445-131427,21170211-0104386,,J211702.24-010438.9,2.68922E+18,688056,,0.097484,0.0785848,24.9644,0.0769207,8.795,0.028,8.08,0.03,NaN,NaN,NaN,NaN,NaN,NaN,NaN,NaN,NaN,NaN,6.83,0.02,6.52,0.046,6.43,0.018,6.428,0.08,6.346,0.026,6.435,0.015,6.364,0.062,7.8954,0.000709,0.006,5640.11,136.719,4.47571,0.0824462,0.163732,0.0029347,0.957591,0.0518417,1,0.129239,DWARF,0.8359982,0.02057995,40.0113,0.12405,0,0,109,0.001713857,,,0.006495078,0,0,,0.121153,0.137326,0.0397347,0.0639487,0.190645,0.344844,0.109892,0.0550003,0.0202183,0.0209416,0.1236,0.1245,bj2018,149.727,123.712,spect,8.28106,0.002514,7.39616,0.002206,1,,hipvmag,tycho2b3,planetcandidate,1.511946713,1.218866307,319.2595767,-1.077531858,0.051516305,0.044206249,1,0,1713317207
147165292,322.6142673,-42.32832167,-83.0806,-30.2125,9.1519,STAR,tmgaia2,20190415,,7988-00467-1,239-173725,21302743-4219420,,J213027.34-421942.2,6.57879E+18,22032387,,0.0610123,0.0514783,10.0234,0.0449883,10.409,0.063,9.759,0.004,NaN,NaN,NaN,NaN,NaN,NaN,NaN,NaN,NaN,NaN,8.549,0.035,8.218,0.046,8.156,0.033,8.065,0.024,8.116,0.02,8.094,0.021,8.018,0.198,9.60698,0.000201,0.006,5632.9,107.665,4.36659,0.0753305,-0.18,0.09,1.08577,0.0473618,1,0.125779,DWARF,1.069307,0.0276505,99.4826,0.4486,0,0,86,0.002025477,,,0.003023897,0,0,,0.125766,0.125793,0.0291347,0.0655889,0.175716,0.1406,0.0741524,0.0765086,0.0231459,0.0321551,0.4466,0.4506,bj2018,114.389,100.941,spect,9.97741,0.000835,9.10724,0.00061,1,,tycho2v3,tycho2b3,planetcandidate,1.014453596,0.798229429,322.6137835,-42.32845175,0.02709275,0.022450578,1,0,1714960959
439810670,333.6949522,-5.886551289,19.2983,-110.729,7.2093,STAR,tmgaia2,20190415,109836,5231-00753-1,421-140493,22144678-0553115,,J221446.80-055312.7,2.62598E+18,4948998,,0.0913044,0.0991877,13.6843,0.0592945,8.52,0.031,7.82,0.03,NaN,NaN,NaN,NaN,NaN,NaN,NaN,NaN,NaN,NaN,6.616,0.02,6.336,0.038,6.255,0.034,6.191,0.09,6.133,0.025,6.238,0.017,6.275,0.061,7.65815,0.000379,0.0061,5659,109.248,3.86604,0.072106,0.26,0.1,1.93203,0.087392,1,0.12673,DWARF,3.448922,0.08803405,72.9242,0.3177,0,0,42,0.000558666,,,0,0,0,,0.116959,0.1365,0.0902261,0.0845578,0.0199615,0.0339739,0.0873976,0.0568143,0.0722681,0.1038,0.3163,0.3191,bj2018,116.899,101.597,spect,8.03534,0.002496,7.17795,0.004074,1,,hipvmag,tycho2b3,planetcandidate,1.418012153,1.538585898,333.6950358,-5.887028038,0.051190962,0.060158597,1,0,1719338512
47354815,341.0231777,-28.93149267,51.6378,-45.6277,8.3368,STAR,tmgaia2,20190415,112243,6970-00552-1,306-285145,22440555-2855531,,J224405.60-285553.8,6.60864E+18,14737637,,0.077678,0.0771508,15.5888,0.0504324,9.63,0.05,8.97,0.03,NaN,NaN,NaN,NaN,NaN,NaN,NaN,NaN,NaN,NaN,7.713,0.021,7.421,0.029,7.331,0.018,7.17,0.035,7.313,0.02,7.302,0.018,7.288,0.14,8.78818,0.000485,0.006,5629.24,102.859,4.42066,0.0742924,-0.18,0.05,1.02025,0.0427839,1,0.129861,DWARF,0.9416795,0.0214543,64.0306,0.20835,0,0,37,0.001007669,,,0.004587899,0,0,,0.0974057,0.162317,0.040197,0.0453709,0.180521,0.191881,0.0627644,0.0858204,0.0199363,0.0229723,0.2077,0.209,bj2018,121.797,83.9215,spect,9.15803,0.002022,8.29544,0.002365,1,,hipvmag,apassdr9,planetcandidate,1.24411025,1.196447769,341.0234317,-28.93168913,0.041141356,0.038212259,1,0,1721689270
36726370,343.9582393,-7.822608203,551.706,-48.9238,7.3983,STAR,tmgaia2,20190415,113231,5813-00175-1,411-136503,22554993-0749214,,,2.61049E+18,4990100,,0.0899368,0.0842987,27.7317,0.0748223,8.65,0.0839583,8.01,0.007,NaN,NaN,NaN,NaN,NaN,NaN,NaN,NaN,NaN,NaN,6.816,0.034,6.492,0.033,6.353,0.02,NaN,NaN,NaN,NaN,NaN,NaN,NaN,NaN,7.83788,0.000474,0.0061,5638.88,103.616,4.54354,0.0690012,-0.375,0.00707107,0.885658,0.0381407,1,0.120931,DWARF,0.7144932,0.01714155,36.0226,0.0978,0,0,37,0.002343423,,,0,0,0,,0.117189,0.124674,0.0369879,0.0392935,0.323067,0.21531,0.0854745,0.0525279,0.0155255,0.0187576,0.0975,0.0981,bj2018,126.656,80.5767,spect,8.1974,0.001713,7.35876,0.003477,1,,mermil,mermil,planetcandidate,1.39856742,1.307339936,343.960637,-7.822818854,0.060110329,0.043082992,1,0,1722253242
136820971,354.3224644,-1.519827794,65.4109,-35.6331,7.7754,STAR,tmgaia2,20190415,116559,5251-00789-1,443-134751,23371739-0131116,,J233717.44-013111.8,2.64092E+18,1023006,,0.16546,0.0870378,16.3077,0.068657,9.071,0,8.41,0.03,NaN,NaN,NaN,NaN,NaN,NaN,NaN,NaN,NaN,NaN,7.18,0.02,6.847,0.031,6.76,0.021,6.655,0.067,6.691,0.022,6.726,0.016,6.71,0.084,8.23702,0.000426,0.006,5628,103.918,4.23889,0.0726339,0.22,0.1,1.25774,0.0545125,1,0.123169,DWARF,1.42986,0.03490475,61.214,0.25925,0,0,36,0.003001698,,,0,0,0,,0.0938562,0.152482,0.0698678,0.0391573,0.107697,0.0867385,0.0780699,0.0671979,0.0266159,0.0431936,0.2582,0.2603,bj2018,106.966,100.87,spect,8.61769,0.001095,7.73416,0.002047,1,,hipvmag,apassdr9,planetcandidate,2.565614948,1.34980722,354.3227462,-1.519981214,0.062415176,0.044122163,1,0,1725007730
469936356,355.5527541,-53.42331864,188.457,9.3348,7.3602,STAR,tmgaia2,20190415,116937,8832-00239-1,183-225815,23421268-5325239,,J234212.87-532523.9,6.4982E+18,25495255,,0.0492051,0.0524894,26.3903,0.0367539,8.718,0,7.99,0.03,NaN,NaN,NaN,NaN,NaN,NaN,NaN,NaN,NaN,NaN,6.769,0.024,6.466,0.046,6.32,0.02,6.38,0.087,6.265,0.025,6.357,0.015,6.351,0.064,7.81362,0.000229,0.006,5632.11,104.012,4.48833,0.0715497,0,0.00707107,0.943772,0.0406633,1,0.124039,DWARF,0.8074462,0.0188993,37.8513,0.0531,0,0,52,5.37E-05,,,0.008152222,0,0,,0.126159,0.121919,0.0377869,0.0435397,0.194918,0.267125,0.0650635,0.0780359,0.0179871,0.0198115,0.053,0.0532,bj2018,119.843,88.1819,spect,8.18859,0.001615,7.32182,0.001179,1,,hipvmag,apassdr9,planetcandidate,0.854069484,0.814042827,355.5541157,-53.42327846,0.021607507,0.027276968,1,0,1725319381
270269126,357.1538624,-15.21063299,209.694,-98.2335,8.1341,STAR,tmgaia2,20190415,117427,6404-00078-1,374-180477,23483693-1512381,,J234837.07-151239.3,2.41889E+18,10089861,,0.114493,0.114808,16.7233,0.0860977,9.485,0.039,8.78,0.03,NaN,NaN,NaN,NaN,NaN,NaN,NaN,NaN,NaN,NaN,7.522,0.023,7.225,0.055,7.142,0.027,7.03,0.047,7.164,0.02,7.149,0.017,7.306,0.147,8.59374,0.000268,0.006,5637,115.509,4.40656,0.0733242,0.27,0.1,1.03694,0.0476759,1,0.123464,DWARF,0.9781318,0.0236206,59.6962,0.30915,0,0,22,4.76E-05,,,0.004693805,0,0,,0.0905658,0.156363,0.0456312,0.0497206,0.117582,0.241274,0.104703,0.0419454,0.0317757,0.0154655,0.3076,0.3107,bj2018,132.999,98.0189,spect,8.97298,0.001136,8.09364,0.001217,1,,hipvmag,apassdr9,planetcandidate,1.791153174,1.780341679,357.154798,-15.21105594,0.052212931,0.05395207,1,0,1725739775
201230210,358.9063118,-51.37425976,157.587,-84.9007,7.881,STAR,tmgaia2,20190415,117961,8463-01004-1,194-196936,23553751-5122274,,J235537.69-512228.2,6.52199E+18,24696281,,0.0358972,0.043551,11.2131,0.035542,9.226,0,8.52,0.03,NaN,NaN,NaN,NaN,NaN,NaN,NaN,NaN,NaN,NaN,7.244,0.026,6.945,0.021,6.854,0.016,6.801,0.069,6.827,0.019,6.854,0.016,6.735,0.105,8.33702,0.000187,0.006,5655.64,101.233,3.96358,0.0707545,0.04,0.05,1.72681,0.0713693,1,0.124637,DWARF,2.748592,0.0662586,88.9527,0.28335,0,0,41,0.002175172,,,0.002880836,0,0,,0.127194,0.12208,0.0593055,0.0834332,0.0282106,0.0464586,0.0512261,0.0902828,0.0750557,0.0574615,0.2825,0.2842,bj2018,120.679,81.7878,spect,8.7096,0.000653,7.83767,0.000766,1,,hipvmag,apassdr9,planetcandidate,0.617671289,0.675477716,358.9073988,-51.37462531,0.017446815,0.024299558,1,0,1725937397
